adduser	3.137ubuntu1
adwaita-icon-theme	46.0-1
aglfn	1.7+git20191031.4036a9c-2
alsa-topology-conf	1.2.5.1-2
alsa-ucm-conf	1.2.10-1ubuntu5.14
apparmor	4.0.1really4.0.1-0ubuntu0.24.04.7
apport	2.28.3-0ubuntu0.1
apport-core-dump-handler	2.28.3-0ubuntu0.1
apport-symptoms	0.25
appstream	1.0.2-1build6
apt	2.8.3
apt-utils	2.8.3
at-spi2-common	2.52.0-1build1
at-spi2-core	2.52.0-1build1
autoconf	2.71-3
automake	1:1.16.5-1.3ubuntu1
autotools-dev	20220109.1
base-files	13ubuntu10.4
base-passwd	3.6.3build1
bash	5.2.21-2ubuntu4
bash-completion	1:2.11-8
bc	1.07.1-3ubuntu4
biber	2.19-2
binutils	2.42-4ubuntu2.10
binutils-common	2.42-4ubuntu2.10
binutils-x86-64-linux-gnu	2.42-4ubuntu2.10
bsdextrautils	2.39.3-9ubuntu6.6
bsdutils	1:2.39.3-9ubuntu6.6
build-essential	12.10ubuntu1
byobu	6.11-0ubuntu1.1
bzip2	1.0.8-5.1ubuntu0.1
bzip2-doc	1.0.8-5.1ubuntu0.1
ca-certificates	20260601~24.04.1
ca-certificates-java	20240118
chktex	1.7.8-1
cloud-guest-utils	0.33-1
cloud-init	26.1-0ubuntu1~24.04.1
cm-super	0.3.4-17
cm-super-minimal	0.3.4-17
cmake	3.28.3-1build7
cmake-data	3.28.3-1build7
command-not-found	23.04.0
console-setup	1.226ubuntu1.1
console-setup-linux	1.226ubuntu1.1
coreutils	9.4-3ubuntu6.3
cpp	4:13.2.0-7ubuntu1
cpp-13	13.3.0-6ubuntu2~24.04.1
cpp-13-x86-64-linux-gnu	13.3.0-6ubuntu2~24.04.1
cpp-x86-64-linux-gnu	4:13.2.0-7ubuntu1
cron	3.0pl1-184ubuntu2
cron-daemon-common	3.0pl1-184ubuntu2
cups-bsd	2.4.7-1.2ubuntu7.14
cups-client	2.4.7-1.2ubuntu7.14
cups-common	2.4.7-1.2ubuntu7.14
curl	8.5.0-2ubuntu10.13
dash	0.5.12-6ubuntu5
dbus	1.14.10-4ubuntu4.1
dbus-bin	1.14.10-4ubuntu4.1
dbus-daemon	1.14.10-4ubuntu4.1
dbus-session-bus-common	1.14.10-4ubuntu4.1
dbus-system-bus-common	1.14.10-4ubuntu4.1
dbus-user-session	1.14.10-4ubuntu4.1
dbus-x11	1.14.10-4ubuntu4.1
dconf-gsettings-backend	0.40.0-4ubuntu0.1
dconf-service	0.40.0-4ubuntu0.1
debconf	1.5.86ubuntu1
debconf-i18n	1.5.86ubuntu1
debianutils	5.17build1
default-jre	2:1.21-75+exp1
default-jre-headless	2:1.21-75+exp1
default-libmysqlclient-dev	1.1.0build1
desktop-file-utils	0.27-2build1
dhcpcd-base	1:10.0.6-1ubuntu3.2
diffutils	1:3.10-1ubuntu0.1
dirmngr	2.4.4-2ubuntu17.6
distro-info	1.7build1
distro-info-data	0.72-0ubuntu0.24.04.1
dmsetup	2:1.02.185-3ubuntu3.2
doc-base	0.11.2
dpkg	1.22.6ubuntu6.6
dpkg-dev	1.22.6ubuntu6.6
dvisvgm	3.2.1+ds-1build1
e2fsprogs	1.47.0-2.4~exp1ubuntu4.1
e2fsprogs-l10n	1.47.0-2.4~exp1ubuntu4.1
eatmydata	131-1ubuntu1
ed	1.20.1-1
eject	2.39.3-9ubuntu6.6
epstool	3.09-4build1
ethtool	1:6.7-1build1
fakeroot	1.33-1
fdisk	2.39.3-9ubuntu6.6
file	1:5.45-3build1
findutils	4.9.0-5build1
fontconfig	2.15.0-1.1ubuntu2
fontconfig-config	2.15.0-1.1ubuntu2
fonts-adf-accanthis	0.20190904-2
fonts-adf-berenis	0.20190904-2
fonts-adf-gillius	0.20190904-2
fonts-adf-universalis	0.20190904-2
fonts-cabin	1.5-3
fonts-cantarell	0.303.1-1
fonts-clear-sans	1.00-2
fonts-comfortaa	3.001-3
fonts-comic-neue	2.51-4
fonts-croscore	20201225-2
fonts-crosextra-caladea	20200211-2
fonts-crosextra-carlito	20230309-2
fonts-dejavu-core	2.37-8
fonts-dejavu-extra	2.37-8
fonts-dejavu-mono	2.37-8
fonts-droid-fallback	1:6.0.1r16-1.1build1
fonts-ebgaramond-extra	0.016+git20210310.42d4f9f2-1
fonts-font-awesome	5.0.10+really4.7.0~dfsg-4.1
fonts-freefont-otf	20211204+svn4273-2
fonts-freefont-ttf	20211204+svn4273-2
fonts-gfs-artemisia	1.1-6
fonts-gfs-baskerville	1.1-6
fonts-gfs-complutum	1.1-7
fonts-gfs-didot	1.1-7
fonts-gfs-neohellenic	1.1-7
fonts-gfs-olga	1.1-6
fonts-gfs-porson	1.1-7
fonts-gfs-solomos	1.1-6
fonts-go	0~20170330-2
fonts-inter	4.0+ds-1
fonts-lato	2.015-1
fonts-linuxlibertine	5.3.0-6
fonts-lmodern	2.005-1
fonts-lobster	2.0-2.1
fonts-lobstertwo	2.0-2.1
fonts-mathjax	2.7.9+dfsg-1
fonts-noto-color-emoji	2.047-0ubuntu0.24.04.1
fonts-noto-core	20201225-2
fonts-noto-mono	20201225-2
fonts-oflb-asana-math	000.907-7build1
fonts-open-sans	1.11-2
fonts-paratype	20181108-3
fonts-roboto-slab	1.100263+20170512-2
fonts-roboto-unhinted	2:0~20170802-3
fonts-sil-andika	6.200-1
fonts-sil-charis	6.200-1
fonts-sil-gentium	20081126:1.03-4
fonts-sil-gentium-basic	1.102-1.1
fonts-sil-gentiumplus	6.200-1
fonts-sil-gentiumplus-compact	5.000-4
fonts-stix	1.1.1-5
fonts-texgyre	20180621-6
fonts-texgyre-math	20180621-6
fonts-ubuntu	0.869+git20240321-0ubuntu1
fonts-urw-base35	20200910-8
fuse3	3.14.0-5build1
g++	4:13.2.0-7ubuntu1
g++-13	13.3.0-6ubuntu2~24.04.1
g++-13-x86-64-linux-gnu	13.3.0-6ubuntu2~24.04.1
g++-x86-64-linux-gnu	4:13.2.0-7ubuntu1
gawk	1:5.2.1-2ubuntu0.1
gcc	4:13.2.0-7ubuntu1
gcc-13	13.3.0-6ubuntu2~24.04.1
gcc-13-base	13.3.0-6ubuntu2~24.04.1
gcc-13-x86-64-linux-gnu	13.3.0-6ubuntu2~24.04.1
gcc-14-base	14.2.0-4ubuntu2~24.04.1
gcc-x86-64-linux-gnu	4:13.2.0-7ubuntu1
gdal-data	3.8.4+dfsg-3ubuntu3
gdal-plugins	3.8.4+dfsg-3ubuntu3
gdb	15.1-1ubuntu1~24.04.1
gdisk	1.0.10-1build1
gettext-base	0.21-14ubuntu2
gfortran	4:13.2.0-7ubuntu1
gfortran-13	13.3.0-6ubuntu2~24.04.1
gfortran-13-x86-64-linux-gnu	13.3.0-6ubuntu2~24.04.1
gfortran-x86-64-linux-gnu	4:13.2.0-7ubuntu1
gh	2.100.0
ghostscript	10.02.1~dfsg1-0ubuntu7.8
ginac-tools	1.8.7-1build2
gir1.2-freedesktop	1.80.1-1
gir1.2-freedesktop-dev	1.80.1-1
gir1.2-girepository-2.0	1.80.1-1
gir1.2-glib-2.0	2.80.0-6ubuntu3.8
gir1.2-glib-2.0-dev	2.80.0-6ubuntu3.8
gir1.2-harfbuzz-0.0	8.3.0-2build2
gir1.2-packagekitglib-1.0	1.2.8-2ubuntu1.5
git	1:2.43.0-1ubuntu7.3
git-lfs	3.4.1-1ubuntu0.4
git-man	1:2.43.0-1ubuntu7.3
glpk-utils	5.0-1build2
gnupg	2.4.4-2ubuntu17.6
gnupg-l10n	2.4.4-2ubuntu17.6
gnupg-utils	2.4.4-2ubuntu17.6
gnuplot-data	6.0.0+dfsg1-1ubuntu3
gnuplot-qt	6.0.0+dfsg1-1ubuntu3
google-cloud-cli	583.0.0-0
google-cloud-cli-gke-gcloud-auth-plugin	583.0.0-0
google-cloud-cli-minikube	583.0.0-0
google-cloud-cli-skaffold	583.0.0-0
gpg	2.4.4-2ubuntu17.6
gpg-agent	2.4.4-2ubuntu17.6
gpg-wks-client	2.4.4-2ubuntu17.6
gpgconf	2.4.4-2ubuntu17.6
gpgsm	2.4.4-2ubuntu17.6
gpgv	2.4.4-2ubuntu17.6
grep	3.11-4build1
groff-base	1.23.0-3build2
gsettings-desktop-schemas	46.1-0ubuntu1
gstreamer1.0-plugins-base	1.24.2-1ubuntu0.4
gtk-update-icon-cache	3.24.41-4ubuntu1.3
gv	1:3.7.4-2build2
gzip	1.12-1ubuntu3.2
hdf5-helpers	1.10.10+repack-3.1ubuntu4
hicolor-icon-theme	0.17-2
hostname	3.23+nmu2ubuntu2
htop	3.3.0-4build1
humanity-icon-theme	0.6.16
ibverbs-providers	50.0-2ubuntu0.2
icu-devtools	74.2-1ubuntu3.1
info	7.1-3build2
init	1.66ubuntu1
init-system-helpers	1.66ubuntu1
install-info	7.1-3build2
iproute2	6.1.0-1ubuntu6.4
iputils-ping	3:20240117-1ubuntu0.1
iso-codes	4.16.0-1
java-common	0.75+exp1
javascript-common	11+nmu1
jq	1.7.1-3ubuntu0.24.04.2
kbd	2.6.4-2ubuntu2
keyboard-configuration	1.226ubuntu1.1
keyboxd	2.4.4-2ubuntu17.6
kmod	31+20240202-2ubuntu7.2
krb5-locales	1.20.1-6ubuntu2.8
kubectl	1:583.0.0-0
landscape-client	24.02-0ubuntu5.7
landscape-common	24.02-0ubuntu5.7
latexmk	1:4.83-1
less	590-2ubuntu2.1
libabsl-dev	20220623.1-3.1ubuntu3.2
libabsl20220623t64	20220623.1-3.1ubuntu3.2
libacl1	2.3.2-1build1.1
libaec-dev	1.1.2-1build1
libaec0	1.1.2-1build1
libalgorithm-c3-perl	0.11-2
libalgorithm-diff-perl	1.201-1
libalgorithm-diff-xs-perl	0.04-8build3
libalgorithm-merge-perl	0.08-5
libamd-comgr2	6.0+git20231212.4510c28+dfsg-3build2
libamd3	1:7.6.1+dfsg-1build1
libamdhip64-5	5.7.1-3
libaom-dev	3.8.2-2ubuntu0.1
libaom3	3.8.2-2ubuntu0.1
libapache-pom-java	29-2
libapparmor1	4.0.1really4.0.1-0ubuntu0.24.04.7
libappstream5	1.0.2-1build6
libapt-pkg6.0t64	2.8.3
libarchive13t64	3.7.2-2ubuntu0.8
libargon2-1	0~20190702+dfsg-4build1
libarmadillo-dev	1:12.6.7+dfsg-1build2
libarmadillo12	1:12.6.7+dfsg-1build2
libarpack2-dev	3.9.1-1.1build2
libarpack2t64	3.9.1-1.1build2
libasan8	14.2.0-4ubuntu2~24.04.1
libasound2-data	1.2.11-1ubuntu0.3
libasound2t64	1.2.11-1ubuntu0.3
libassuan0	2.5.6-1build1
libatk-bridge2.0-0t64	2.52.0-1build1
libatk-wrapper-java	0.40.0-3build2
libatk-wrapper-java-jni	0.40.0-3build2
libatk1.0-0t64	2.52.0-1build1
libatm1t64	1:2.5.1-5.1build1
libatomic1	14.2.0-4ubuntu2~24.04.1
libatspi2.0-0t64	2.52.0-1build1
libattr1	1:2.5.2-1ubuntu0.1
libaudit-common	1:3.1.2-2.1build1.1
libaudit1	1:3.1.2-2.1build1.1
libauthen-sasl-perl	2.1700-1
libautovivification-perl	0.18-2build4
libavahi-client3	0.8-13ubuntu6.2
libavahi-common-data	0.8-13ubuntu6.2
libavahi-common3	0.8-13ubuntu6.2
libb-hooks-endofscope-perl	0.28-1
libb-hooks-op-check-perl	0.22-3build1
libbabeltrace1	1.5.11-3build3
libbibtex-parser-perl	1.04+dfsg-1
libbinutils	2.42-4ubuntu2.10
libbit-vector-perl	7.4-3build1
libblas-dev	3.12.0-3build1.1
libblas3	3.12.0-3build1.1
libblkid-dev	2.39.3-9ubuntu6.6
libblkid1	2.39.3-9ubuntu6.6
libblosc-dev	1.21.5+ds-1build1
libblosc1	1.21.5+ds-1build1
libboost-all-dev	1.83.0.1ubuntu2
libboost-atomic-dev	1.83.0.1ubuntu2
libboost-atomic1.74.0	1.74.0+ds1-23.1ubuntu3
libboost-atomic1.83-dev	1.83.0-2.1ubuntu3.2
libboost-atomic1.83.0	1.83.0-2.1ubuntu3.2
libboost-chrono-dev	1.83.0.1ubuntu2
libboost-chrono1.74.0t64	1.74.0+ds1-23.1ubuntu3
libboost-chrono1.83-dev	1.83.0-2.1ubuntu3.2
libboost-chrono1.83.0t64	1.83.0-2.1ubuntu3.2
libboost-container-dev	1.83.0.1ubuntu2
libboost-container1.83-dev	1.83.0-2.1ubuntu3.2
libboost-container1.83.0	1.83.0-2.1ubuntu3.2
libboost-context-dev	1.83.0.1ubuntu2
libboost-context1.83-dev	1.83.0-2.1ubuntu3.2
libboost-context1.83.0	1.83.0-2.1ubuntu3.2
libboost-coroutine-dev	1.83.0.1ubuntu2
libboost-coroutine1.83-dev	1.83.0-2.1ubuntu3.2
libboost-coroutine1.83.0	1.83.0-2.1ubuntu3.2
libboost-date-time-dev	1.83.0.1ubuntu2
libboost-date-time1.74.0	1.74.0+ds1-23.1ubuntu3
libboost-date-time1.83-dev	1.83.0-2.1ubuntu3.2
libboost-date-time1.83.0	1.83.0-2.1ubuntu3.2
libboost-dev	1.83.0.1ubuntu2
libboost-exception-dev	1.83.0.1ubuntu2
libboost-exception1.83-dev	1.83.0-2.1ubuntu3.2
libboost-fiber-dev	1.83.0.1ubuntu2
libboost-fiber1.83-dev	1.83.0-2.1ubuntu3.2
libboost-fiber1.83.0	1.83.0-2.1ubuntu3.2
libboost-filesystem-dev	1.83.0.1ubuntu2
libboost-filesystem1.74.0	1.74.0+ds1-23.1ubuntu3
libboost-filesystem1.83-dev	1.83.0-2.1ubuntu3.2
libboost-filesystem1.83.0	1.83.0-2.1ubuntu3.2
libboost-graph-dev	1.83.0.1ubuntu2
libboost-graph-parallel-dev	1.83.0.1ubuntu2
libboost-graph-parallel1.83-dev	1.83.0-2.1ubuntu3.2
libboost-graph-parallel1.83.0	1.83.0-2.1ubuntu3.2
libboost-graph1.83-dev	1.83.0-2.1ubuntu3.2
libboost-graph1.83.0	1.83.0-2.1ubuntu3.2
libboost-iostreams-dev	1.83.0.1ubuntu2
libboost-iostreams1.83-dev	1.83.0-2.1ubuntu3.2
libboost-iostreams1.83.0	1.83.0-2.1ubuntu3.2
libboost-json-dev	1.83.0.1ubuntu2
libboost-json1.83-dev	1.83.0-2.1ubuntu3.2
libboost-json1.83.0	1.83.0-2.1ubuntu3.2
libboost-locale-dev	1.83.0.1ubuntu2
libboost-locale1.83-dev	1.83.0-2.1ubuntu3.2
libboost-locale1.83.0	1.83.0-2.1ubuntu3.2
libboost-log-dev	1.83.0.1ubuntu2
libboost-log1.74.0	1.74.0+ds1-23.1ubuntu3
libboost-log1.83-dev	1.83.0-2.1ubuntu3.2
libboost-log1.83.0	1.83.0-2.1ubuntu3.2
libboost-math-dev	1.83.0.1ubuntu2
libboost-math1.83-dev	1.83.0-2.1ubuntu3.2
libboost-math1.83.0	1.83.0-2.1ubuntu3.2
libboost-mpi-dev	1.83.0.1ubuntu2
libboost-mpi-python-dev	1.83.0.1ubuntu2
libboost-mpi-python1.83-dev	1.83.0-2.1ubuntu3.2
libboost-mpi-python1.83.0	1.83.0-2.1ubuntu3.2
libboost-mpi1.83-dev	1.83.0-2.1ubuntu3.2
libboost-mpi1.83.0	1.83.0-2.1ubuntu3.2
libboost-nowide-dev	1.83.0.1ubuntu2
libboost-nowide1.83-dev	1.83.0-2.1ubuntu3.2
libboost-nowide1.83.0	1.83.0-2.1ubuntu3.2
libboost-numpy-dev	1.83.0.1ubuntu2
libboost-numpy1.83-dev	1.83.0-2.1ubuntu3.2
libboost-numpy1.83.0	1.83.0-2.1ubuntu3.2
libboost-program-options-dev	1.83.0.1ubuntu2
libboost-program-options1.74.0	1.74.0+ds1-23.1ubuntu3
libboost-program-options1.83-dev	1.83.0-2.1ubuntu3.2
libboost-program-options1.83.0	1.83.0-2.1ubuntu3.2
libboost-python-dev	1.83.0.1ubuntu2
libboost-python1.83-dev	1.83.0-2.1ubuntu3.2
libboost-python1.83.0	1.83.0-2.1ubuntu3.2
libboost-random-dev	1.83.0.1ubuntu2
libboost-random1.83-dev	1.83.0-2.1ubuntu3.2
libboost-random1.83.0	1.83.0-2.1ubuntu3.2
libboost-regex-dev	1.83.0.1ubuntu2
libboost-regex1.74.0	1.74.0+ds1-23.1ubuntu3
libboost-regex1.83-dev	1.83.0-2.1ubuntu3.2
libboost-regex1.83.0	1.83.0-2.1ubuntu3.2
libboost-serialization-dev	1.83.0.1ubuntu2
libboost-serialization1.83-dev	1.83.0-2.1ubuntu3.2
libboost-serialization1.83.0	1.83.0-2.1ubuntu3.2
libboost-stacktrace-dev	1.83.0.1ubuntu2
libboost-stacktrace1.83-dev	1.83.0-2.1ubuntu3.2
libboost-stacktrace1.83.0	1.83.0-2.1ubuntu3.2
libboost-system-dev	1.83.0.1ubuntu2
libboost-system1.74.0	1.74.0+ds1-23.1ubuntu3
libboost-system1.83-dev	1.83.0-2.1ubuntu3.2
libboost-system1.83.0	1.83.0-2.1ubuntu3.2
libboost-test-dev	1.83.0.1ubuntu2
libboost-test1.83-dev	1.83.0-2.1ubuntu3.2
libboost-test1.83.0	1.83.0-2.1ubuntu3.2
libboost-thread-dev	1.83.0.1ubuntu2
libboost-thread1.74.0	1.74.0+ds1-23.1ubuntu3
libboost-thread1.83-dev	1.83.0-2.1ubuntu3.2
libboost-thread1.83.0	1.83.0-2.1ubuntu3.2
libboost-timer-dev	1.83.0.1ubuntu2
libboost-timer1.83-dev	1.83.0-2.1ubuntu3.2
libboost-timer1.83.0	1.83.0-2.1ubuntu3.2
libboost-tools-dev	1.83.0.1ubuntu2
libboost-type-erasure-dev	1.83.0.1ubuntu2
libboost-type-erasure1.83-dev	1.83.0-2.1ubuntu3.2
libboost-type-erasure1.83.0	1.83.0-2.1ubuntu3.2
libboost-url-dev	1.83.0.1ubuntu2
libboost-url1.83-dev	1.83.0-2.1ubuntu3.2
libboost-url1.83.0	1.83.0-2.1ubuntu3.2
libboost-wave-dev	1.83.0.1ubuntu2
libboost-wave1.83-dev	1.83.0-2.1ubuntu3.2
libboost-wave1.83.0	1.83.0-2.1ubuntu3.2
libboost1.83-dev	1.83.0-2.1ubuntu3.2
libboost1.83-tools-dev	1.83.0-2.1ubuntu3.2
libbpf1	1:1.3.0-2build2
libbrotli-dev	1.1.0-2build2
libbrotli1	1.1.0-2build2
libbsd0	0.12.1-1build1.1
libbtf2	1:7.6.1+dfsg-1build1
libbtparse2	0.89-1build3
libbusiness-isbn-data-perl	20240229.001-1
libbusiness-isbn-perl	3.009-1
libbusiness-ismn-perl	1.204-1
libbusiness-issn-perl	1.005-2
libbz2-1.0	1.0.8-5.1ubuntu0.1
libbz2-dev	1.0.8-5.1ubuntu0.1
libc-bin	2.39-0ubuntu8.9
libc-dev-bin	2.39-0ubuntu8.9
libc-devtools	2.39-0ubuntu8.9
libc6	2.39-0ubuntu8.9
libc6-dev	2.39-0ubuntu8.9
libcaf-openmpi-3t64	2.10.2+ds-2.1build2
libcairo-gobject2	1.18.0-3build1
libcairo2	1.18.0-3build1
libcamd3	1:7.6.1+dfsg-1build1
libcap-ng0	0.8.4-2build2
libcap2	1:2.66-5ubuntu2.4
libcap2-bin	1:2.66-5ubuntu2.4
libcares2	1.27.0-1.0ubuntu1
libcarp-clan-perl	6.08-2
libcbor0.10	0.10.2-1.2ubuntu2
libcc1-0	14.2.0-4ubuntu2~24.04.1
libccolamd3	1:7.6.1+dfsg-1build1
libcdd0t64	094m-1.1build1
libcdparanoia0	3.10.2+debian-14build3
libcfitsio-dev	4.3.1-1.1build2
libcfitsio-doc	4.3.1-1.1build2
libcfitsio10t64	4.3.1-1.1build2
libcholmod5	1:7.6.1+dfsg-1build1
libclass-accessor-perl	0.51-2
libclass-c3-perl	0.35-2
libclass-c3-xs-perl	0.15-1build6
libclass-data-inheritable-perl	0.08-3
libclass-inspector-perl	1.36-3
libclass-method-modifiers-perl	2.15-1
libclass-singleton-perl	1.6-2
libclass-xsaccessor-perl	1.19-4build4
libcln-dev	1.3.7-1
libcln6	1.3.7-1
libclone-perl	0.46-1build3
libcoarrays-dev	2.10.2+ds-2.1build2
libcoarrays-openmpi-dev	2.10.2+ds-2.1build2
libcolamd3	1:7.6.1+dfsg-1build1
libcolord2	1.4.7-1build2
libcom-err2	1.47.0-2.4~exp1ubuntu4.1
libcombblas2.0.0t64	2.0.0-3.1build2
libcommon-sense-perl	3.75-3build3
libcommons-logging-java	1.3.0-1ubuntu1
libcommons-parent-java	56-1
libcrypt-dev	1:4.4.36-4build1
libcrypt-rc4-perl	2.02-5
libcrypt1	1:4.4.36-4build1
libcryptsetup12	2:2.7.0-1ubuntu4.2
libctf-nobfd0	2.42-4ubuntu2.10
libctf0	2.42-4ubuntu2.10
libcups2t64	2.4.7-1.2ubuntu7.14
libcurl3t64-gnutls	8.5.0-2ubuntu10.13
libcurl4-openssl-dev	8.5.0-2ubuntu10.13
libcurl4t64	8.5.0-2ubuntu10.13
libcxsparse4	1:7.6.1+dfsg-1build1
libdata-compare-perl	1.29-1
libdata-dump-perl	1.25-1
libdata-optlist-perl	0.114-1
libdata-uniqid-perl	0.12-3
libdate-calc-perl	6.4-2
libdate-calc-xs-perl	6.4-2build4
libdate-manip-perl	6.95-1
libdate-simple-perl	3.0300-3build6
libdatetime-calendar-julian-perl	0.107-1
libdatetime-format-builder-perl	0.8300-1
libdatetime-format-strptime-perl	1.7900-1
libdatetime-locale-perl	1:1.37-1
libdatetime-perl	2:1.65-1build2
libdatetime-timezone-perl	1:2.62-1+2024a
libdatrie1	0.2.13-3build1
libdav1d-dev	1.4.1-1build1
libdav1d7	1.4.1-1build1
libdb5.3t64	5.3.28+dfsg2-7
libdbus-1-3	1.14.10-4ubuntu4.1
libdbus-glib-1-2	0.112-3build2
libdconf1	0.40.0-4ubuntu0.1
libde265-0	1.0.15-1ubuntu0.1
libde265-dev	1.0.15-1ubuntu0.1
libdebconfclient0	0.271ubuntu3
libdebuginfod-common	0.190-1.1ubuntu0.1
libdebuginfod1t64	0.190-1.1ubuntu0.1
libdee-1.0-4	1.2.7+17.10.20170616-7build5
libdeflate-dev	1.19-1build1.1
libdeflate0	1.19-1build1.1
libdevel-callchecker-perl	0.008-2build3
libdevel-caller-perl	2.07-1build3
libdevel-globaldestruction-perl	0.14-4
libdevel-lexalias-perl	0.05-3build4
libdevel-stacktrace-perl	2.0500-1
libdevmapper1.02.1	2:1.02.185-3ubuntu3.2
libdigest-perl-md5-perl	1.9-5
libdist-checkconflicts-perl	0.11-2
libdlib-data	19.24+dfsg-1.1build1
libdlib-dev	19.24+dfsg-1.1build1
libdlib19.1t64	19.24+dfsg-1.1build1
libdouble-conversion3	3.3.0-1build1
libdpkg-perl	1.22.6ubuntu6.6
libdrm-amdgpu1	2.4.125-1ubuntu0.1~24.04.2
libdrm-common	2.4.125-1ubuntu0.1~24.04.2
libdrm-intel1	2.4.125-1ubuntu0.1~24.04.2
libdrm2	2.4.125-1ubuntu0.1~24.04.2
libduktape207	2.7.0+tests-0ubuntu3
libdw1t64	0.190-1.1ubuntu0.1
libdynaloader-functions-perl	0.003-3
libeatmydata1	131-1ubuntu1
libedit2	3.1-20230828-1build1
libegl-mesa0	25.2.8-0ubuntu0.24.04.2
libegl1	1.7.0-1build1
libeigen3-dev	3.4.0-4build0.1
libelf1t64	0.190-1.1ubuntu0.1
libemail-date-format-perl	1.008-1
libemf1	1.0.13-7build1
libencode-eucjpascii-perl	0.03-1build4
libencode-eucjpms-perl	0.07-3build13
libencode-hanextra-perl	0.23-6build4
libencode-jis2k-perl	0.05-1build3
libencode-locale-perl	1.05-3
libencode-perl	3.21-1build2
libepoxy0	1.5.10-1build1
liberror-perl	0.17029-2
libestr0	0.1.11-1build1
libeval-closure-perl	0.14-3
libevdev2	1.13.1+dfsg-1build1
libevent-2.1-7t64	2.1.12-stable-9ubuntu2.1
libevent-core-2.1-7t64	2.1.12-stable-9ubuntu2.1
libevent-dev	2.1.12-stable-9ubuntu2.1
libevent-extra-2.1-7t64	2.1.12-stable-9ubuntu2.1
libevent-openssl-2.1-7t64	2.1.12-stable-9ubuntu2.1
libevent-pthreads-2.1-7t64	2.1.12-stable-9ubuntu2.1
libexception-class-perl	1.45-1
libexpat1	2.6.1-2ubuntu0.4
libexpat1-dev	2.6.1-2ubuntu0.4
libexporter-tiny-perl	1.006002-1
libext2fs2t64	1.47.0-2.4~exp1ubuntu4.1
libfabric1	1.17.0-3build2
libfakeroot	1.33-1
libfastjson4	1.2304.0-1build1
libfdisk1	2.39.3-9ubuntu6.6
libfdt1	1.7.0-2build1
libffi-dev	3.4.6-1build1
libffi8	3.4.6-1build1
libfftw3-bin	3.3.10-1ubuntu3
libfftw3-dev	3.3.10-1ubuntu3
libfftw3-double3	3.3.10-1ubuntu3
libfftw3-long3	3.3.10-1ubuntu3
libfftw3-mpi3	3.3.10-1ubuntu3
libfftw3-quad3	3.3.10-1ubuntu3
libfftw3-single3	3.3.10-1ubuntu3
libfido2-1	1.14.0-1build3
libfile-basedir-perl	0.09-2
libfile-desktopentry-perl	0.22-3
libfile-fcntllock-perl	0.22-4ubuntu5
libfile-find-rule-perl	0.34-3ubuntu0.24.04.1
libfile-homedir-perl	1.006-2
libfile-listing-perl	6.16-1
libfile-mimeinfo-perl	0.34-1
libfile-sharedir-perl	1.118-3
libfile-slurper-perl	0.014-1
libfile-which-perl	1.27-2
libflac12t64	1.4.3+ds-2.1ubuntu2
libflint-dev	3.0.1-3.1build1
libflint18t64	3.0.1-3.1build1
libfltk-gl1.3t64	1.3.8-6.1build2
libfltk1.3t64	1.3.8-6.1build2
libfont-afm-perl	1.20-4
libfontbox-java	1:1.8.16-5
libfontconfig-dev	2.15.0-1.1ubuntu2
libfontconfig1	2.15.0-1.1ubuntu2
libfontconfig1-dev	2.15.0-1.1ubuntu2
libfontenc1	1:1.1.8-1build1
libfreetype-dev	2.13.2+dfsg-1ubuntu0.1
libfreetype6	2.13.2+dfsg-1ubuntu0.1
libfreexl-dev	2.0.0-1build2
libfreexl1	2.0.0-1build2
libfribidi-dev	1.0.13-3build1
libfribidi0	1.0.13-3build1
libfuse3-3	3.14.0-5build1
libfxt2t64	0.3.13-4.1build1
libfyba-dev	4.1.1-11build1
libfyba0t64	4.1.1-11build1
libgbm1	25.2.8-0ubuntu0.24.04.2
libgcc-13-dev	13.3.0-6ubuntu2~24.04.1
libgcc-s1	14.2.0-4ubuntu2~24.04.1
libgcrypt20	1.10.3-2ubuntu0.2
libgd3	2.3.3-9ubuntu5
libgdal-dev	3.8.4+dfsg-3ubuntu3
libgdal34t64	3.8.4+dfsg-3ubuntu3
libgdbm-compat4t64	1.23-5.1build1
libgdbm6t64	1.23-5.1build1
libgdk-pixbuf-2.0-0	2.42.10+dfsg-3ubuntu3.3
libgdk-pixbuf2.0-bin	2.42.10+dfsg-3ubuntu3.3
libgdk-pixbuf2.0-common	2.42.10+dfsg-3ubuntu3.3
libgee-0.8-2	0.20.6-1build2
libgeos-c1t64	3.12.1-3build1
libgeos-dev	3.12.1-3build1
libgeos3.12.1t64	3.12.1-3build1
libgeotiff-dev	1.7.1-5build1
libgeotiff5	1.7.1-5build1
libgfortran-13-dev	13.3.0-6ubuntu2~24.04.1
libgfortran5	14.2.0-4ubuntu2~24.04.1
libgif-dev	5.2.2-1ubuntu1.2
libgif7	5.2.2-1ubuntu1.2
libginac-dev	1.8.7-1build2
libginac11	1.8.7-1build2
libgirepository-1.0-1	1.80.1-1
libgirepository-2.0-0	2.80.0-6ubuntu3.8
libgl-dev	1.7.0-1build1
libgl1	1.7.0-1build1
libgl1-mesa-dri	25.2.8-0ubuntu0.24.04.2
libgl2ps1.4	1.4.2+dfsg1-2build1
libgles2	1.7.0-1build1
libglib2.0-0t64	2.80.0-6ubuntu3.8
libglib2.0-bin	2.80.0-6ubuntu3.8
libglib2.0-data	2.80.0-6ubuntu3.8
libglib2.0-dev	2.80.0-6ubuntu3.8
libglib2.0-dev-bin	2.80.0-6ubuntu3.8
libglpk-dev	5.0-1build2
libglpk40	5.0-1build2
libglu1-mesa	9.0.2-1.1build1
libglvnd0	1.7.0-1build1
libglx-dev	1.7.0-1build1
libglx-mesa0	25.2.8-0ubuntu0.24.04.2
libglx0	1.7.0-1build1
libgmp-dev	2:6.3.0+dfsg-2ubuntu6.1
libgmp10	2:6.3.0+dfsg-2ubuntu6.1
libgmpxx4ldbl	2:6.3.0+dfsg-2ubuntu6.1
libgnutls30t64	3.8.3-1.1ubuntu3.6
libgomp1	14.2.0-4ubuntu2~24.04.1
libgpg-error-l10n	1.47-3build2.1
libgpg-error0	1.47-3build2.1
libgpm2	1.20.7-11
libgprofng0	2.42-4ubuntu2.10
libgraphblas-dev	7.4.0+dfsg-1build1
libgraphblas7	7.4.0+dfsg-1build1
libgraphicsmagick++-q16-12t64	1.4+really1.3.42-1.1build3
libgraphicsmagick-q16-3t64	1.4+really1.3.42-1.1build3
libgraphite2-3	1.3.14-2ubuntu0.24.04.1
libgraphite2-dev	1.3.14-2ubuntu0.24.04.1
libgs-common	10.02.1~dfsg1-0ubuntu7.8
libgs10	10.02.1~dfsg1-0ubuntu7.8
libgs10-common	10.02.1~dfsg1-0ubuntu7.8
libgsl-dev	2.7.1+dfsg-6ubuntu2
libgsl27	2.7.1+dfsg-6ubuntu2
libgslcblas0	2.7.1+dfsg-6ubuntu2
libgssapi-krb5-2	1.20.1-6ubuntu2.8
libgstreamer-plugins-base1.0-0	1.24.2-1ubuntu0.4
libgstreamer1.0-0	1.24.2-1ubuntu0.1
libgtk-3-0t64	3.24.41-4ubuntu1.3
libgtk-3-bin	3.24.41-4ubuntu1.3
libgtk-3-common	3.24.41-4ubuntu1.3
libgudev-1.0-0	1:238-5ubuntu1
libgumbo2	0.12.0+dfsg-2build1
libharfbuzz-cairo0	8.3.0-2build2
libharfbuzz-dev	8.3.0-2build2
libharfbuzz-gobject0	8.3.0-2build2
libharfbuzz-icu0	8.3.0-2build2
libharfbuzz-subset0	8.3.0-2build2
libharfbuzz0b	8.3.0-2build2
libhdf4-0-alt	4.2.16-4build1
libhdf4-alt-dev	4.2.16-4build1
libhdf5-103-1t64	1.10.10+repack-3.1ubuntu4
libhdf5-cpp-103-1t64	1.10.10+repack-3.1ubuntu4
libhdf5-dev	1.10.10+repack-3.1ubuntu4
libhdf5-fortran-102t64	1.10.10+repack-3.1ubuntu4
libhdf5-hl-100t64	1.10.10+repack-3.1ubuntu4
libhdf5-hl-cpp-100t64	1.10.10+repack-3.1ubuntu4
libhdf5-hl-fortran-100t64	1.10.10+repack-3.1ubuntu4
libhdf5-openmpi-103-1t64	1.10.10+repack-3.1ubuntu4
libheif-dev	1.17.6-1ubuntu4.8
libheif-plugin-aomdec	1.17.6-1ubuntu4.8
libheif-plugin-aomenc	1.17.6-1ubuntu4.8
libheif-plugin-libde265	1.17.6-1ubuntu4.8
libheif1	1.17.6-1ubuntu4.8
libhidapi-libusb0	0.14.0-1build1
libhogweed6t64	3.9.1-2.2build1.1
libhsa-runtime64-1	5.7.1-2build1
libhsakmt1	5.7.0-1build1
libhtml-form-perl	6.11-1
libhtml-format-perl	2.16-2
libhtml-parser-perl	3.81-1ubuntu0.1
libhtml-tagset-perl	3.20-6
libhtml-tree-perl	5.07-3
libhttp-cookies-perl	6.11-1
libhttp-daemon-perl	6.16-1ubuntu0.24.04.1
libhttp-date-perl	6.06-1ubuntu0.24.04.1
libhttp-message-perl	6.45-1ubuntu1
libhttp-negotiate-perl	6.01-2
libhwasan0	14.2.0-4ubuntu2~24.04.1
libhwloc-dev	2.10.0-1build1
libhwloc-plugins	2.10.0-1build1
libhwloc15	2.10.0-1build1
libhwy1t64	1.0.7-8.1build1
libhypre-2.28.0	2.28.0-8build2
libibverbs-dev	50.0-2ubuntu0.2
libibverbs1	50.0-2ubuntu0.2
libice6	2:1.0.10-1build3
libicu-dev	74.2-1ubuntu3.1
libicu74	74.2-1ubuntu3.1
libidn12	1.42-1ubuntu0.1
libidn2-0	2.3.7-2build1.1
libijs-0.35	0.35-15.1build1
libinput-bin	1.25.0-1ubuntu3.7
libinput10	1.25.0-1ubuntu3.7
libio-html-perl	1.004-3
libio-socket-ssl-perl	2.085-1
libio-string-perl	1.08-4
libio-stringy-perl	2.111-3
libipc-run3-perl	0.049-1
libipc-shareable-perl	1.13-1
libipc-system-simple-perl	1.30-2
libipt2	2.0.6-1build1
libisl23	0.26-3build1.1
libitm1	14.2.0-4ubuntu2~24.04.1
libjack-jackd2-0	1.9.21~dfsg-3ubuntu3
libjansson4	2.14-2build2
libjbig-dev	2.1-6.1ubuntu2
libjbig0	2.1-6.1ubuntu2
libjbig2dec0	0.20-1ubuntu0.24.04.1
libjcode-pm-perl	2.06-1.1build1
libjpeg-dev	8c-2ubuntu11
libjpeg-turbo8	2.1.5-2ubuntu2
libjpeg-turbo8-dev	2.1.5-2ubuntu2
libjpeg8	8c-2ubuntu11
libjpeg8-dev	8c-2ubuntu11
libjq-dev	1.7.1-3ubuntu0.24.04.2
libjq1	1.7.1-3ubuntu0.24.04.2
libjs-bootstrap5	5.3.1+dfsg-1
libjs-jquery	3.6.1+dfsg+~3.5.14-1
libjs-jquery-ui	1.13.2+dfsg-1
libjs-mathjax	2.7.9+dfsg-1
libjs-popper.js	1.16.1+ds-6
libjs-sizzle	2.3.10+ds+~2.3.6-1
libjs-sphinxdoc	7.2.6-6
libjs-underscore	1.13.4~dfsg+~1.11.4-3
libjson-c-dev	0.17-1build1
libjson-c5	0.17-1build1
libjson-glib-1.0-0	1.8.0-2build2
libjson-glib-1.0-common	1.8.0-2build2
libjson-perl	4.10000-1
libjson-xs-perl	4.040-0ubuntu0.24.04.1
libjsoncpp25	1.9.5-6build1
libjxl0.7	0.7.0-10.2ubuntu6.1
libk5crypto3	1.20.1-6ubuntu2.8
libkeybinder-3.0-0	0.3.2-1.1build2
libkeyutils1	1.6.3-3build1
libklu2	1:7.6.1+dfsg-1build1
libkml-dev	1.3.0-12build1
libkmlbase1t64	1.3.0-12build1
libkmlconvenience1t64	1.3.0-12build1
libkmldom1t64	1.3.0-12build1
libkmlengine1t64	1.3.0-12build1
libkmlregionator1t64	1.3.0-12build1
libkmlxsd1t64	1.3.0-12build1
libkmod2	31+20240202-2ubuntu7.2
libkpathsea6	2023.20230311.66589-9build3
libkrb5-3	1.20.1-6ubuntu2.8
libkrb5support0	1.20.1-6ubuntu2.8
libksba8	1.6.6-1build1
liblapack-dev	3.12.0-3build1.1
liblapack3	3.12.0-3build1.1
liblapacke	3.12.0-3build1.1
liblapacke-dev	3.12.0-3build1.1
liblatex-tounicode-perl	0.54-2
liblcms2-2	2.14-2ubuntu0.1
libldap-common	2.6.10+dfsg-0ubuntu0.24.04.1
libldap2	2.6.10+dfsg-0ubuntu0.24.04.1
libldl3	1:7.6.1+dfsg-1build1
liblerc-dev	4.0.0+ds-4ubuntu2
liblerc4	4.0.0+ds-4ubuntu2
liblingua-translit-perl	0.29-2
liblist-allutils-perl	0.19-1
liblist-moreutils-perl	0.430-2
liblist-moreutils-xs-perl	0.430-3build5
liblist-someutils-perl	0.59-1
liblist-someutils-xs-perl	0.58-3build4
liblist-utilsby-perl	0.12-2
libllvm17t64	1:17.0.6-9ubuntu1
libllvm20	1:20.1.2-0ubuntu1~24.04.3
liblocale-gettext-perl	1.07-6ubuntu5
liblog-dispatch-perl	2.71-1
liblog-log4perl-perl	1.57-1
liblsan0	14.2.0-4ubuntu2~24.04.1
libltdl-dev	2.4.7-7build1
libltdl7	2.4.7-7build1
liblua5.4-0	5.4.6-3build2
liblwp-mediatypes-perl	6.04-2
liblwp-protocol-https-perl	6.13-1
liblz4-1	1.9.4-1build1.1
liblz4-dev	1.9.4-1build1.1
liblzma-dev	5.6.1+really5.4.5-1ubuntu0.3
liblzma5	5.6.1+really5.4.5-1ubuntu0.3
liblzo2-2	2.10-2build4
libmagic-mgc	1:5.45-3build1
libmagic1t64	1:5.45-3build1
libmail-sendmail-perl	0.80-3
libmailtools-perl	2.21-2
libmd0	1.1.0-2build1.1
libmd4c0	0.4.8-1build1
libmetis5	5.1.0.dfsg-7build3
libmime-charset-perl	1.013.1-2
libmime-lite-perl	3.033-1
libmime-types-perl	2.26-1
libminizip-dev	1:1.3.dfsg-3.1ubuntu2.2
libminizip1t64	1:1.3.dfsg-3.1ubuntu2.2
libmnl0	1.0.5-2build1
libmodule-implementation-perl	0.09-2
libmodule-runtime-perl	0.016-2
libmosquitto1	2.0.18-1build3
libmosquittopp1	2.0.18-1build3
libmotif-common	2.3.8-3.1build1
libmount-dev	2.39.3-9ubuntu6.6
libmount1	2.39.3-9ubuntu6.6
libmp3lame0	3.100-6build1
libmpc3	1.3.1-1build1.1
libmpfr-dev	4.2.1-1build1.1
libmpfr6	4.2.1-1build1.1
libmpg123-0t64	1.32.5-1ubuntu1.1
libmro-compat-perl	0.15-2
libmtdev1t64	1.1.6-1.1build1
libmujs3	1.3.3-3build2
libmumps-5.6t64	5.6.2-2.1build2
libmunge2	0.5.15-4ubuntu0.1
libmysqlclient-dev	8.0.46-0ubuntu0.24.04.4
libmysqlclient21	8.0.46-0ubuntu0.24.04.4
libnamespace-autoclean-perl	0.29-2
libnamespace-clean-perl	0.27-2
libncurses-dev	6.4+20240113-1ubuntu2.2
libncurses6	6.4+20240113-1ubuntu2.2
libncursesw6	6.4+20240113-1ubuntu2.2
libnet-dbus-perl	1.2.0-2build3
libnet-http-perl	6.23-1
libnet-smtp-ssl-perl	1.04-2
libnet-ssleay-perl	1.94-1build4
libnetcdf-dev	1:4.9.2-5ubuntu4
libnetcdf19t64	1:4.9.2-5ubuntu4
libnetplan1	1.1.2-8ubuntu1~24.04.2
libnettle8t64	3.9.1-2.2build1.1
libnewt0.52	0.52.24-2ubuntu2
libnghttp2-14	1.59.0-1ubuntu0.4
libnl-3-200	3.7.0-0.3build1.1
libnl-3-dev	3.7.0-0.3build1.1
libnl-genl-3-200	3.7.0-0.3build1.1
libnl-route-3-200	3.7.0-0.3build1.1
libnl-route-3-dev	3.7.0-0.3build1.1
libnlopt-cxx-dev	2.7.1-5build2
libnlopt-cxx0	2.7.1-5build2
libnlopt-dev	2.7.1-5build2
libnlopt0	2.7.1-5build2
libnode-dev	18.19.1+dfsg-6ubuntu5
libnode109	18.19.1+dfsg-6ubuntu5
libnotify4	0.8.3-1build2
libnpth0t64	1.6-3.1build1
libnspr4	2:4.35-1.1build1
libnss-systemd	255.4-1ubuntu8.17
libnss3	2:3.98-1ubuntu0.2
libnuma-dev	2.0.18-1ubuntu0.24.04.1
libnuma1	2.0.18-1ubuntu0.24.04.1
libnumber-compare-perl	0.03-3
libodbc2	2.3.12-1ubuntu0.24.04.1
libodbccr2	2.3.12-1ubuntu0.24.04.1
libodbcinst2	2.3.12-1ubuntu0.24.04.1
libogdi-dev	4.1.1+ds-3build1
libogdi4.1	4.1.1+ds-3build1
libogg0	1.3.5-3build1
libole-storage-lite-perl	0.22-1
libonig5	6.9.9-1build1
libopenblas-dev	0.3.26+ds-1ubuntu0.1
libopenblas-pthread-dev	0.3.26+ds-1ubuntu0.1
libopenblas0	0.3.26+ds-1ubuntu0.1
libopenblas0-pthread	0.3.26+ds-1ubuntu0.1
libopencv-core-dev	4.6.0+dfsg-13.1ubuntu1
libopencv-core406t64	4.6.0+dfsg-13.1ubuntu1
libopengl0	1.7.0-1build1
libopenjp2-7	2.5.0-2ubuntu0.5
libopenjp2-7-dev	2.5.0-2ubuntu0.5
libopenmpi-dev	4.1.6-7ubuntu2
libopenmpi3t64	4.1.6-7ubuntu2
libopus0	1.4-1build1
liborc-0.4-0t64	1:0.4.38-1ubuntu0.1
libp11-kit0	0.25.3-4ubuntu2.2
libpackage-stash-perl	0.40-1
libpackage-stash-xs-perl	0.30-1build4
libpackagekit-glib2-18	1.2.8-2ubuntu1.5
libpadwalker-perl	2.5-1build6
libpam-cap	1:2.66-5ubuntu2.4
libpam-modules	1.5.3-5ubuntu5.7
libpam-modules-bin	1.5.3-5ubuntu5.7
libpam-runtime	1.5.3-5ubuntu5.7
libpam-systemd	255.4-1ubuntu8.17
libpam0g	1.5.3-5ubuntu5.7
libpango-1.0-0	1.52.1+ds-1build1
libpangocairo-1.0-0	1.52.1+ds-1build1
libpangoft2-1.0-0	1.52.1+ds-1build1
libpaper-utils	1.1.29build1
libpaper1	1.1.29build1
libpapi-dev	7.1.0-5build1
libpapi7.1t64	7.1.0-5build1
libparams-classify-perl	0.015-2build5
libparams-util-perl	1.102-2build3
libparams-validate-perl	1.31-2build3
libparams-validationcompiler-perl	0.31-1
libparse-recdescent-perl	1.967015+dfsg-4
libparu0	1:7.6.1+dfsg-1build1
libpciaccess0	0.17-3ubuntu0.24.04.2
libpcre2-16-0	10.42-4ubuntu2.1
libpcre2-32-0	10.42-4ubuntu2.1
libpcre2-8-0	10.42-4ubuntu2.1
libpcre2-dev	10.42-4ubuntu2.1
libpcre2-posix3	10.42-4ubuntu2.1
libpcsclite1	2.0.3-1build1
libpdfbox-java	1:1.8.16-5
libperl5.38t64	5.38.2-3.2ubuntu0.4
libperlio-utf8-strict-perl	0.010-1build3
libpetsc-real3.19t64	3.19.6+dfsg1-2.2ubuntu2
libpfm4	4.13.0+git32-g0d4ed0e-1ubuntu0.1
libpipeline1	1.5.7-2
libpixman-1-0	0.42.2-1build1
libpkgconf3	1.8.1-2build1
libplot2c2	2.6-14build3
libpmix-dev	5.0.1-4.1build1
libpmix2t64	5.0.1-4.1build1
libpng-dev	1.6.43-5ubuntu0.6
libpng-tools	1.6.43-5ubuntu0.6
libpng16-16t64	1.6.43-5ubuntu0.6
libpolkit-agent-1-0	124-2ubuntu1.24.04.3
libpolkit-gobject-1-0	124-2ubuntu1.24.04.3
libpoppler-dev	24.02.0-1ubuntu9.9
libpoppler-private-dev	24.02.0-1ubuntu9.9
libpoppler134	24.02.0-1ubuntu9.9
libpopt0	1.19+dfsg-1build1
libportaudio2	19.6.0-1.2build3
libpotrace0	1.16-2build1
libpq-dev	16.15-0ubuntu0.24.04.1
libpq5	16.15-0ubuntu0.24.04.1
libproc2-0	2:4.0.4-4ubuntu3.3
libproj-dev	9.4.0-1build2
libproj25	9.4.0-1build2
libprotobuf-dev	3.21.12-8.2ubuntu0.3
libprotobuf-lite32t64	3.21.12-8.2ubuntu0.3
libprotobuf32t64	3.21.12-8.2ubuntu0.3
libprotoc32t64	3.21.12-8.2ubuntu0.3
libpsl5t64	0.21.2-1.1build1
libpsm-infinipath1	3.3+20.604758e7-6.3build1
libpsm2-2	11.2.185-2build1
libpstoedit0t64	4.00-1.1build2
libptexenc1	2023.20230311.66589-9build3
libpthread-stubs0-dev	0.4-1build3
libptscotch-7.0	7.0.4-1ubuntu2
libpython3-dev	3.12.3-0ubuntu2.1
libpython3-stdlib	3.12.3-0ubuntu2.1
libpython3.12-dev	3.12.3-1ubuntu0.17
libpython3.12-minimal	3.12.3-1ubuntu0.17
libpython3.12-stdlib	3.12.3-1ubuntu0.17
libpython3.12t64	3.12.3-1ubuntu0.17
libqhull-dev	2020.2-6build1
libqhull-r8.0	2020.2-6build1
libqhull8.0	2020.2-6build1
libqhullcpp8.0	2020.2-6build1
libqrupdate1	1.1.2-4build1
libqscintilla2-qt5-15	2.14.1+dfsg-1build3
libqscintilla2-qt5-l10n	2.14.1+dfsg-1build3
libqsopt-ex2t64	2.5.10.3-2.1build1
libqt5core5t64	5.15.13+dfsg-1ubuntu1
libqt5dbus5t64	5.15.13+dfsg-1ubuntu1
libqt5gui5t64	5.15.13+dfsg-1ubuntu1
libqt5help5	5.15.13-1
libqt5network5t64	5.15.13+dfsg-1ubuntu1
libqt5printsupport5t64	5.15.13+dfsg-1ubuntu1
libqt5qml5	5.15.13+dfsg-1ubuntu0.1
libqt5qmlmodels5	5.15.13+dfsg-1ubuntu0.1
libqt5quick5	5.15.13+dfsg-1ubuntu0.1
libqt5sql5-sqlite	5.15.13+dfsg-1ubuntu1
libqt5sql5t64	5.15.13+dfsg-1ubuntu1
libqt5svg5	5.15.13-1
libqt5waylandclient5	5.15.13-1
libqt5waylandcompositor5	5.15.13-1
libqt5widgets5t64	5.15.13+dfsg-1ubuntu1
libqt5xml5t64	5.15.13+dfsg-1ubuntu1
libquadmath0	14.2.0-4ubuntu2~24.04.1
librbio4	1:7.6.1+dfsg-1build1
librdmacm1t64	50.0-2ubuntu0.2
libreadline-dev	8.2-4build1
libreadline8t64	8.2-4build1
libreadonly-perl	2.050-3
libref-util-perl	0.204-2
libref-util-xs-perl	0.117-2build4
libregexp-common-perl	2017060201-3
librhash0	1.4.3-3build1
librole-tiny-perl	2.002004-1
librsvg2-2	2.58.0+dfsg-1build1
librsvg2-common	2.58.0+dfsg-1build1
librte-eal24	23.11.4-0ubuntu0.24.04.2
librte-ethdev24	23.11.4-0ubuntu0.24.04.2
librte-hash24	23.11.4-0ubuntu0.24.04.2
librte-kvargs24	23.11.4-0ubuntu0.24.04.2
librte-log24	23.11.4-0ubuntu0.24.04.2
librte-mbuf24	23.11.4-0ubuntu0.24.04.2
librte-mempool24	23.11.4-0ubuntu0.24.04.2
librte-meter24	23.11.4-0ubuntu0.24.04.2
librte-net24	23.11.4-0ubuntu0.24.04.2
librte-rcu24	23.11.4-0ubuntu0.24.04.2
librte-ring24	23.11.4-0ubuntu0.24.04.2
librte-telemetry24	23.11.4-0ubuntu0.24.04.2
librtmp1	2.4+20151223.gitfa8646d.1-2build7
librttopo-dev	1.1.0-3build2
librttopo1	1.1.0-3build2
libruby	1:3.2~ubuntu1
libruby3.2	3.2.3-1ubuntu0.24.04.8
libsamplerate0	0.2.2-4build1
libsasl2-2	2.1.28+dfsg1-5ubuntu3.1
libsasl2-modules	2.1.28+dfsg1-5ubuntu3.1
libsasl2-modules-db	2.1.28+dfsg1-5ubuntu3.1
libscalapack-openmpi2.2	2.2.1-3.1ubuntu1
libscotch-7.0	7.0.4-1ubuntu2
libsde1t64	7.1.0-5build1
libseccomp2	2.5.5-1ubuntu3.1
libsecret-1-0	0.21.4-1build3
libsecret-common	0.21.4-1build3
libselinux1	3.5-2ubuntu2.1
libselinux1-dev	3.5-2ubuntu2.1
libsemanage-common	3.5-1build5
libsemanage2	3.5-1build5
libsensors-config	1:3.6.0-9build1
libsensors5	1:3.6.0-9build1
libsepol-dev	3.5-2build1
libsepol2	3.5-2build1
libsframe1	2.42-4ubuntu2.10
libsharpyuv-dev	1.3.2-0.4build3
libsharpyuv0	1.3.2-0.4build3
libsigsegv2	2.14-1ubuntu2
libslang2	2.3.3-3build2
libsm6	2:1.2.3-1build3
libsmartcols1	2.39.3-9ubuntu6.6
libsnappy1v5	1.1.10-1build1
libsndfile1	1.2.2-1ubuntu5.24.04.1
libsocl-1.4-1t64	1.4.3+dfsg-5build1
libsodium23	1.0.18-1ubuntu0.24.04.1
libsombok3	2.4.0-2build1
libsort-key-perl	1.33-3build4
libsource-highlight-common	3.1.9-4.3build1
libsource-highlight4t64	3.1.9-4.3build1
libspatialite-dev	5.1.0-3build1
libspatialite8t64	5.1.0-3build1
libspecio-perl	0.48-1
libspex2	1:7.6.1+dfsg-1build1
libspqr4	1:7.6.1+dfsg-1build1
libspreadsheet-parseexcel-perl	0.6600-1
libspreadsheet-writeexcel-perl	2.40-4
libsqlite3-0	3.45.1-1ubuntu2.7
libsqlite3-dev	3.45.1-1ubuntu2.7
libss2	1.47.0-2.4~exp1ubuntu4.1
libssh-4	0.10.6-2ubuntu0.5
libssl-dev	3.0.13-0ubuntu3.15
libssl3t64	3.0.13-0ubuntu3.15
libstarpu-1.4-4t64	1.4.3+dfsg-5build1
libstarpu-dev	1.4.3+dfsg-5build1
libstarpu-openmp-llvm-1.4-1t64	1.4.3+dfsg-5build1
libstarpufft-1.4-1t64	1.4.3+dfsg-5build1
libstarpumpi-1.4-3t64	1.4.3+dfsg-5build1
libstarpurm-1.4-1t64	1.4.3+dfsg-5build1
libstdc++-13-dev	13.3.0-6ubuntu2~24.04.1
libstdc++6	14.2.0-4ubuntu2~24.04.1
libstemmer0d	2.2.0-4build1
libstring-crc32-perl	2.100-2build3
libsub-exporter-perl	0.990-1
libsub-exporter-progressive-perl	0.001013-3
libsub-identify-perl	0.14-3build3
libsub-install-perl	0.929-1
libsub-name-perl	0.27-1build3
libsub-quote-perl	2.006008-1ubuntu1
libsuitesparse-dev	1:7.6.1+dfsg-1build1
libsuitesparse-mongoose3	1:7.6.1+dfsg-1build1
libsuitesparseconfig7	1:7.6.1+dfsg-1build1
libsundials-ida6	6.4.1+dfsg1-3build4
libsundials-nvecparallel-petsc6	6.4.1+dfsg1-3build4
libsundials-sunlinsol3	6.4.1+dfsg1-3build4
libsundials-sunmatrix4	6.4.1+dfsg1-3build4
libsuperlu-dev	6.0.1+dfsg1-1build1
libsuperlu-dist8	8.2.1+dfsg1-1build2
libsuperlu6	6.0.1+dfsg1-1build1
libsynctex2	2023.20230311.66589-9build3
libsys-hostname-long-perl	1.5-3
libsystemd-shared	255.4-1ubuntu8.17
libsystemd0	255.4-1ubuntu8.17
libsz2	1.1.2-1build1
libtasn1-6	4.19.0-3ubuntu0.24.04.2
libtbb-dev	2021.11.0-2ubuntu2
libtbb12	2021.11.0-2ubuntu2
libtbbbind-2-5	2021.11.0-2ubuntu2
libtbbmalloc2	2021.11.0-2ubuntu2
libtcl8.6	8.6.14+dfsg-1build1
libteckit0	2.5.12+ds1-1
libtelepathy-glib0t64	0.24.2-0.2ubuntu3
libtexlua53-5	2023.20230311.66589-9build3
libtext-bibtex-perl	0.89-1build3
libtext-charwidth-perl	0.04-11build3
libtext-csv-perl	2.04-1
libtext-csv-xs-perl	1.53-1build3
libtext-glob-perl	0.11-3
libtext-iconv-perl	1.7-8build3
libtext-roman-perl	3.5-4
libtext-unidecode-perl	1.30-3
libtext-wrapi18n-perl	0.06-10
libthai-data	0.1.29-2build1
libthai0	0.1.29-2build1
libtheora0	1.1.1+dfsg.1-16.1build3
libtie-cycle-perl	1.228-1
libtie-ixhash-perl	1.23-4
libtiff-dev	4.5.1+git230720-4ubuntu2.5
libtiff5-dev	4.5.1+git230720-4ubuntu2.5
libtiff6	4.5.1+git230720-4ubuntu2.5
libtiffxx6	4.5.1+git230720-4ubuntu2.5
libtimedate-perl	2.3300-2
libtinfo6	6.4+20240113-1ubuntu2.2
libtirpc-common	1.3.4+ds-1.1build1
libtirpc-dev	1.3.4+ds-1.1build1
libtirpc3t64	1.3.4+ds-1.1build1
libtk8.6	8.6.14-1build1
libtmglib-dev	3.12.0-3build1.1
libtmglib3	3.12.0-3build1.1
libtool	2.4.7-7build1
libtopcom0t64	1.1.2+ds-1.1build2
libtrilinos-amesos-13.2	13.2.0-5build2
libtrilinos-aztecoo-13.2	13.2.0-5build2
libtrilinos-epetra-13.2	13.2.0-5build2
libtrilinos-epetraext-13.2	13.2.0-5build2
libtrilinos-galeri-13.2	13.2.0-5build2
libtrilinos-ifpack-13.2	13.2.0-5build2
libtrilinos-kokkos-13.2	13.2.0-5build2
libtrilinos-ml-13.2	13.2.0-5build2
libtrilinos-teuchos-13.2	13.2.0-5build2
libtrilinos-trilinosss-13.2	13.2.0-5build2
libtrilinos-triutils-13.2	13.2.0-5build2
libtrilinos-zoltan-13.2	13.2.0-5build2
libtry-tiny-perl	0.31-2
libtsan2	14.2.0-4ubuntu2~24.04.1
libtypes-serialiser-perl	1.01-1
libubsan1	14.2.0-4ubuntu2~24.04.1
libuchardet0	0.0.8-1build1
libucx0	1.16.0+ds-5ubuntu1
libudev1	255.4-1ubuntu8.17
libudunits2-0	2.2.28-7build1
libudunits2-data	2.2.28-7build1
libudunits2-dev	2.2.28-7build1
libuhd4.6.0-dpdk	4.6.0.0+ds1-5.1ubuntu0.24.04.1
libumfpack6	1:7.6.1+dfsg-1build1
libunicode-linebreak-perl	0.0.20190101-1build7
libunicode-map-perl	0.112-13build4
libunistring5	1.1-2build1.1
libunwind8	1.6.2-3build1.1
liburi-perl	5.27-1
liburiparser-dev	0.9.7+dfsg-2build1
liburiparser1	0.9.7+dfsg-2build1
libusb-1.0-0	2:1.0.27-1
libutempter0	1.2.1-3build1
libuuid-perl	0.31-1build3
libuuid1	2.39.3-9ubuntu6.6
libuv1-dev	1.48.0-1.1build1
libuv1t64	1.48.0-1.1build1
libvariable-magic-perl	0.63-1build3
libvisual-0.4-0	0.4.2-2build1
libvorbis0a	1.3.7-1build3
libvorbisenc2	1.3.7-1build3
libvulkan1	1.3.275.0-1build1
libwacom-common	2.10.0-2
libwacom9	2.10.0-2
libwayland-client0	1.22.0-2.1build1
libwayland-cursor0	1.22.0-2.1build1
libwayland-egl1	1.22.0-2.1build1
libwayland-server0	1.22.0-2.1build1
libwebp-dev	1.3.2-0.4build3
libwebp7	1.3.2-0.4build3
libwebpdecoder3	1.3.2-0.4build3
libwebpdemux2	1.3.2-0.4build3
libwebpmux3	1.3.2-0.4build3
libwmflite-0.2-7	0.2.13-1.1build3
libwoff1	1.0.2-2build1
libwww-perl	6.76-1ubuntu0.1
libwww-robotrules-perl	6.02-1
libwxbase3.2-1t64	3.2.4+dfsg-4build1
libwxgtk3.2-1t64	3.2.4+dfsg-4build1
libx11-6	2:1.8.7-1build1
libx11-data	2:1.8.7-1build1
libx11-dev	2:1.8.7-1build1
libx11-protocol-perl	0.56-9
libx11-xcb1	2:1.8.7-1build1
libx265-199	3.5-2build1
libx265-dev	3.5-2build1
libxapian30	1.4.22-1build1
libxau-dev	1:1.0.9-1build6
libxau6	1:1.0.9-1build6
libxaw7	2:1.0.14-1build2
libxcb-cursor0	0.1.4-1build1
libxcb-dri3-0	1.15-1ubuntu2
libxcb-glx0	1.15-1ubuntu2
libxcb-icccm4	0.4.1-1.1build3
libxcb-image0	0.4.0-2build1
libxcb-keysyms1	0.4.0-1build4
libxcb-present0	1.15-1ubuntu2
libxcb-randr0	1.15-1ubuntu2
libxcb-render-util0	0.3.9-1build4
libxcb-render0	1.15-1ubuntu2
libxcb-shape0	1.15-1ubuntu2
libxcb-shm0	1.15-1ubuntu2
libxcb-sync1	1.15-1ubuntu2
libxcb-util1	0.4.0-1build3
libxcb-xfixes0	1.15-1ubuntu2
libxcb-xinerama0	1.15-1ubuntu2
libxcb-xinput0	1.15-1ubuntu2
libxcb-xkb1	1.15-1ubuntu2
libxcb1	1.15-1ubuntu2
libxcb1-dev	1.15-1ubuntu2
libxcomposite1	1:0.4.5-1build3
libxcursor1	1:1.2.1-1build1
libxdamage1	1:1.1.6-1build1
libxdmcp-dev	1:1.1.3-0ubuntu6
libxdmcp6	1:1.1.3-0ubuntu6
libxerces-c-dev	3.2.4+debian-1.2ubuntu2
libxerces-c3.2t64	3.2.4+debian-1.2ubuntu2
libxext6	2:1.3.4-1build2
libxfixes3	1:6.0.0-2build1
libxfont2	1:2.0.6-1+deb13u1build0.24.04.2
libxft2	2.3.6-1build1
libxi6	2:1.8.1-1build1
libxinerama1	2:1.1.4-3build1
libxkbcommon-x11-0	1.6.0-1build1
libxkbcommon0	1.6.0-1build1
libxkbfile1	1:1.1.0-1build4
libxm4	2.3.8-3.1build1
libxml-libxml-perl	2.0207+dfsg+really+2.0134-1build4
libxml-libxml-simple-perl	1.01-3
libxml-libxslt-perl	2.002001-1build3
libxml-namespacesupport-perl	1.12-2
libxml-parser-perl	2.47-1ubuntu0.24.04.1
libxml-sax-base-perl	1.09-3
libxml-sax-expat-perl	0.51-2
libxml-sax-perl	1.02+dfsg-3
libxml-twig-perl	1:3.52-2
libxml-writer-perl	0.900-2
libxml-xpathengine-perl	0.14-2
libxml2	2.9.14+dfsg-1.3ubuntu3.8
libxml2-dev	2.9.14+dfsg-1.3ubuntu3.8
libxmlb2	0.3.24-1~ubuntu0.24.04.1
libxmu6	2:1.1.3-3build2
libxmuu1	2:1.1.3-3build2
libxnvctrl0	510.47.03-0ubuntu4.24.04.1
libxpm4	1:3.5.17-1ubuntu0.24.04.1
libxrandr2	2:1.5.2-2build1
libxrender1	1:0.9.10-1.1build1
libxshmfence1	1.3-1build5
libxslt1.1	1.1.39-0exp1ubuntu0.24.04.3
libxss1	1:1.2.3-1build3
libxstring-perl	0.005-2build3
libxt6t64	1:1.2.1-1.2build1
libxtables12	1.8.10-3ubuntu2
libxtst6	2:1.2.3-1.1build1
libxv1	2:1.0.11-1.1build1
libxxf86dga1	2:1.1.5-1build1
libxxf86vm1	1:1.1.4-1build4
libxxhash0	0.8.2-2build1
libyaml-0-2	0.2.5-1build1
libyaml-tiny-perl	1.74-1
libzeitgeist-2.0-0	1.0.4-5ubuntu5
libzip4t64	1.7.3-1.1ubuntu2
libzstd-dev	1.5.5+dfsg2-2build1.1
libzstd1	1.5.5+dfsg2-2build1.1
libzzip-0-13t64	0.13.72+dfsg.1-1.2build1
linux-libc-dev	6.8.0-139.139
littler	0.3.23-1.2404.0
lmodern	2.005-1
locales	2.39-0ubuntu8.9
locales-all	2.39-0ubuntu8.9
login	1:4.13+dfsg1-4ubuntu3.2
logrotate	3.21.0-2build1
logsave	1.47.0-2.4~exp1ubuntu4.1
lsb-release	12.0-2
lshw	02.19.git.2021.06.19.996aaad9c7-2ubuntu0.24.04.1
lsof	4.95.0-1build3
lto-disabled-list	47
m4	1.4.19-4build1
make	4.3-4.1build2
man-db	2.12.0-4build2
manpages	6.7-2
manpages-dev	6.7-2
mawk	1.3.4.20240123-1build1
media-types	10.1.0
mesa-libgallium	25.2.8-0ubuntu0.24.04.2
mesa-vulkan-drivers	25.2.8-0ubuntu0.24.04.2
motd-news-config	13ubuntu10.4
mount	2.39.3-9ubuntu6.6
mpi-default-bin	1.15build1
mpi-default-dev	1.15build1
mupdf-tools	1.23.10+ds1-1build3
mysql-common	5.8+1.1.0build1
nano	7.2-2ubuntu0.2
ncurses-base	6.4+20240113-1ubuntu2.2
ncurses-bin	6.4+20240113-1ubuntu2.2
net-tools	2.10-0.1ubuntu4.4
netbase	6.4
netcat-openbsd	1.226-1ubuntu2
netplan-generator	1.1.2-8ubuntu1~24.04.2
netplan.io	1.1.2-8ubuntu1~24.04.2
networkd-dispatcher	2.2.4-1
ninja-build	1.11.1-2
nlohmann-json3-dev	3.11.3-1
node-acorn	8.8.1+ds+~cs25.17.7-2
node-busboy	1.6.0+~cs2.6.0-2
node-cjs-module-lexer	1.2.3+dfsg-1
node-jquery	3.6.1+dfsg+~3.5.14-1
node-undici	5.26.3+dfsg1+~cs23.10.12-2
node-xtend	4.0.2-3
nodejs	18.19.1+dfsg-6ubuntu5
nodejs-doc	18.19.1+dfsg-6ubuntu5
ocl-icd-libopencl1	2.3.2-1build1
ocl-icd-opencl-dev	2.3.2-1build1
octave	8.4.0-1build5
octave-common	8.4.0-1build5
octave-doc	8.4.0-1build5
octave-statistics	1.6.3-1ubuntu2
octave-statistics-common	1.6.3-1ubuntu2
opencl-c-headers	3.0~2023.12.14-1
opencl-clhpp-headers	3.0~2023.12.14-1ubuntu1
opencl-headers	3.0~2023.12.14-1
openjdk-21-jdk-headless	21.0.12+8-1~24.04
openjdk-21-jre	21.0.12+8-1~24.04
openjdk-21-jre-headless	21.0.12+8-1~24.04
openmpi-bin	4.1.6-7ubuntu2
openmpi-common	4.1.6-7ubuntu2
openssh-client	1:9.6p1-3ubuntu13.19
openssl	3.0.13-0ubuntu3.15
packagekit	1.2.8-2ubuntu1.5
packagekit-tools	1.2.8-2ubuntu1.5
packages-microsoft-prod	1.2-ubuntu24.04
passwd	1:4.13+dfsg1-4ubuntu3.2
pastebinit	1.6.2-1
patch	2.7.6-7build3
pci.ids	0.0~2024.03.31-1ubuntu0.1
perl	5.38.2-3.2ubuntu0.4
perl-base	5.38.2-3.2ubuntu0.4
perl-modules-5.38	5.38.2-3.2ubuntu0.4
perl-openssl-defaults	7build3
pfb2t1c2pfb	0.3-11build1
pinentry-curses	1.2.1-3ubuntu5
pkg-config	1.8.1-2build1
pkgconf	1.8.1-2build1
pkgconf-bin	1.8.1-2build1
polkitd	124-2ubuntu1.24.04.3
poppler-data	0.4.12-1
poppler-utils	24.02.0-1ubuntu9.9
powershell	7.6.5-1.deb
preview-latex-style	13.2-1
procps	2:4.0.4-4ubuntu3.3
proj-bin	9.4.0-1build2
proj-data	9.4.0-1build2
protobuf-compiler	3.21.12-8.2ubuntu0.3
psmisc	23.7-1build1
pstoedit	4.00-1.1build2
publicsuffix	20231001.0357-0.1
pybind11-dev	2.11.1-2
python-apt-common	2.7.7ubuntu5.2
python-babel-localedata	2.10.3-3build1
python3	3.12.3-0ubuntu2.1
python3-apport	2.28.3-0ubuntu0.1
python3-apt	2.7.7ubuntu5.2
python3-attr	23.2.0-2
python3-automat	22.10.0-2
python3-babel	2.10.3-3build1
python3-bcrypt	3.2.2-1build1
python3-blinker	1.7.0-1
python3-certifi	2023.11.17-1
python3-cffi-backend	1.16.0-2build1
python3-chardet	5.2.0+dfsg-1
python3-click	8.1.6-2
python3-colorama	0.4.6-4
python3-commandnotfound	23.04.0
python3-configobj	5.0.8-3
python3-constantly	23.10.4-1
python3-cryptography	41.0.7-4ubuntu0.4
python3-dbus	1.3.2-5build3
python3-debconf	1.5.86ubuntu1
python3-dev	3.12.3-0ubuntu2.1
python3-distro	1.9.0-1
python3-distro-info	1.7build1
python3-distupgrade	1:24.04.29
python3-gdbm	3.12.3-0ubuntu1
python3-gi	3.48.2-1
python3-hamcrest	2.1.0-1
python3-httplib2	0.20.4-3ubuntu0.1
python3-hyperlink	21.0.0-5
python3-idna	3.6-2ubuntu0.2
python3-incremental	22.10.0-1
python3-jinja2	3.1.2-1ubuntu1.3
python3-json-pointer	2.0-0ubuntu1
python3-jsonpatch	1.32-3
python3-jsonschema	4.10.3-2ubuntu1
python3-jwt	2.7.0-1ubuntu0.1
python3-launchpadlib	1.11.0-6
python3-lazr.restfulclient	0.14.6-1
python3-lazr.uri	1.0.6-3
python3-markdown-it	3.0.0-2
python3-markupsafe	2.1.5-1build2
python3-mdurl	0.1.2-1
python3-minimal	3.12.3-0ubuntu2.1
python3-netifaces	0.11.0-2build3
python3-netplan	1.1.2-8ubuntu1~24.04.2
python3-newt	0.52.24-2ubuntu2
python3-oauthlib	3.2.2-1
python3-openssl	23.2.0-1ubuntu0.1
python3-packaging	24.0-1
python3-pip	24.0+dfsg-1ubuntu1.3
python3-pip-whl	24.0+dfsg-1ubuntu1.3
python3-pkg-resources	68.1.2-2ubuntu1.2
python3-problem-report	2.28.3-0ubuntu0.1
python3-pyasn1	0.4.8-4ubuntu0.3
python3-pyasn1-modules	0.2.8-1
python3-pycurl	7.45.3-1build2
python3-pygments	2.17.2+dfsg-1
python3-pyparsing	3.1.1-1
python3-pyrsistent	0.20.0-1build2
python3-requests	2.31.0+dfsg-1ubuntu1.1
python3-rich	13.7.1-1
python3-serial	3.5-2
python3-service-identity	24.1.0-1
python3-setuptools	68.1.2-2ubuntu1.2
python3-setuptools-whl	68.1.2-2ubuntu1.2
python3-six	1.16.0-4
python3-software-properties	0.99.49.4
python3-systemd	235-1build4
python3-twisted	24.3.0-1ubuntu0.2
python3-typing-extensions	4.10.0-1
python3-tz	2024.1-2
python3-update-manager	1:24.04.12
python3-urllib3	2.0.7-1ubuntu0.7
python3-venv	3.12.3-0ubuntu2.1
python3-wadllib	1.3.6-5
python3-wheel	0.42.0-2
python3-yaml	6.0.1-2build2
python3-zope.interface	6.1-1build1
python3.12	3.12.3-1ubuntu0.17
python3.12-dev	3.12.3-1ubuntu0.17
python3.12-minimal	3.12.3-1ubuntu0.17
python3.12-venv	3.12.3-1ubuntu0.17
qt5-gtk-platformtheme	5.15.13+dfsg-1ubuntu1
qttranslations5-l10n	5.15.13-1
qtwayland5	5.15.13-1
r-base	4.6.1-6.2404.0
r-base-core	4.6.1-6.2404.0
r-base-dev	4.6.1-6.2404.0
r-base-html	4.6.1-6.2404.0
r-cran-boot	1.3-32-1.2404.0
r-cran-class	7.3-24-1.2404.0
r-cran-cluster	2.1.8.2-1.2404.0
r-cran-codetools	0.2-20-1.2404.0
r-cran-foreign	0.8.91-1.2404.0
r-cran-kernsmooth	2.23-27-1.2404.0
r-cran-lattice	0.23-1-1.2404.0
r-cran-littler	0.3.23-1.2404.0
r-cran-mass	7.3-66-1.2404.0
r-cran-matrix	1.7-6-1.2404.0
r-cran-mgcv	1.9-4-1.2404.0
r-cran-nlme	3.1.171-1.2404.0
r-cran-nnet	7.3-21-1.2404.0
r-cran-rpart	4.1.27-1.2404.0
r-cran-spatial	7.3-17-1.2404.0
r-cran-survival	3.8-11-1.2404.0
r-doc-html	4.6.1-6.2404.0
r-recommended	4.6.1-6.2404.0
rake	13.0.6-3
rclone	1.60.1+dfsg-3ubuntu0.24.04.6
readline-common	8.2-4build1
ripgrep	14.1.0-1
rpcsvc-proto	1.4.2-0ubuntu7
rsync	3.2.7-1ubuntu1.5
rsyslog	8.2312.0-3ubuntu9.3
ruby	1:3.2~ubuntu1
ruby-net-telnet	0.2.0-1
ruby-rubygems	3.4.20-1
ruby-sdbm	1.0.0-5build4
ruby-webrick	1.8.1-1ubuntu0.2
ruby-xmlrpc	0.3.2-2
ruby3.2	3.2.3-1ubuntu0.24.04.8
rubygems-integration	1.18
run-one	1.17-0ubuntu2
sed	4.9-2ubuntu0.24.04.1
sensible-utils	0.0.22
session-migration	0.3.9build1
sgml-base	1.31
shared-mime-info	2.4-4
show-motd	3.12
snapd	2.76.3+ubuntu24.04
software-properties-common	0.99.49.4
squashfs-tools	1:4.6.1-1build1
sudo	1.9.15p5-3ubuntu5.24.04.2
synapse	0.2.99.4-4build2
systemd	255.4-1ubuntu8.17
systemd-dev	255.4-1ubuntu8.17
systemd-hwe-hwdb	255.1.7
systemd-resolved	255.4-1ubuntu8.17
systemd-sysv	255.4-1ubuntu8.17
systemd-timesyncd	255.4-1ubuntu8.17
sysvinit-utils	3.08-6ubuntu3
t1utils	1.41-4build3
tar	1.35+dfsg-3ubuntu0.4
tcl	8.6.14build1
tcl8.6	8.6.14+dfsg-1build1
teckit	2.5.12+ds1-1
tex-common	6.18
tex-gyre	20180621-6
texinfo	7.1-3build2
texinfo-lib	7.1-3build2
texlive-base	2023.20240207-1
texlive-bibtex-extra	2023.20240207-1
texlive-binaries	2023.20230311.66589-9build3
texlive-extra-utils	2023.20240207-1
texlive-fonts-extra	2023.20240207-1
texlive-fonts-extra-links	2023.20240207-1
texlive-fonts-recommended	2023.20240207-1
texlive-lang-greek	2023.20240207-1
texlive-latex-base	2023.20240207-1
texlive-latex-extra	2023.20240207-1
texlive-latex-recommended	2023.20240207-1
texlive-luatex	2023.20240207-1
texlive-pictures	2023.20240207-1
texlive-plain-generic	2023.20240207-1
texlive-science	2023.20240207-1
texlive-xetex	2023.20240207-1
time	1.9-0.2build1
tipa	2:1.3-21
tk	8.6.14build1
tk8.6	8.6.14-1build1
tmux	3.4-1ubuntu0.1
topcom	1.1.2+ds-1.1build2
topcom-examples	1.1.2+ds-1.1build2
tree	2.1.1-2ubuntu3.24.04.2
tzdata	2026c-0ubuntu0.24.04.1
ubuntu-keyring	2023.11.28.1
ubuntu-minimal	1.539.2
ubuntu-mono	24.04-0ubuntu1
ubuntu-pro-client	37.2ubuntu~24.04.1
ubuntu-pro-client-l10n	37.2ubuntu~24.04.1
ubuntu-release-upgrader-core	1:24.04.29
ubuntu-wsl	1.539.2
ucf	3.0043+nmu1
udev	255.4-1ubuntu8.17
unattended-upgrades	2.9.1+nmu4ubuntu1
unixodbc-common	2.3.12-1ubuntu0.24.04.1
unixodbc-dev	2.3.12-1ubuntu0.24.04.1
unzip	6.0-28ubuntu4.1
update-manager-core	1:24.04.12
update-motd	3.12
usb.ids	2024.03.18-1
util-linux	2.39.3-9ubuntu6.6
uuid-dev	2.39.3-9ubuntu6.6
uuid-runtime	2.39.3-9ubuntu6.6
vim	2:9.1.0016-1ubuntu7.20
vim-common	2:9.1.0016-1ubuntu7.20
vim-runtime	2:9.1.0016-1ubuntu7.20
vim-tiny	2:9.1.0016-1ubuntu7.20
wget	1.21.4-1ubuntu4.5
whiptail	0.52.24-2ubuntu2
wolframscript	15.0.1+202607021139
wsl-pro-service	0.1.18~24.04.3
wsl-setup	0.5.10~24.04.2
wslu	3.2.3-0ubuntu3
x11-common	1:7.7+23ubuntu3
x11-utils	7.7+6build2
x11-xkb-utils	7.7+8build2
x11-xserver-utils	7.7+10build2
x11proto-dev	2023.2-1
xauth	1:1.1.2-1build1
xaw3dg	1.5+F-1.1build2
xdg-user-dirs	0.18-1build1
xdg-utils	1.1.3-4.1ubuntu3
xfonts-encodings	1:1.0.5-0ubuntu2
xfonts-utils	1:7.7+6build3
xkb-data	2.41-2ubuntu1.1
xml-core	0.19
xorg-sgml-doctools	1:1.11-1.1
xpdf	3.04+git20240202-1build3
xtrans-dev	1.4.0-1
xxd	2:9.1.0016-1ubuntu7.20
xz-utils	5.6.1+really5.4.5-1ubuntu0.3
zeitgeist	1.0.4-5ubuntu5
zeitgeist-core	1.0.4-5ubuntu5
zeitgeist-datahub	1.0.4-5ubuntu5
zip	3.0-13ubuntu0.2
zlib1g	1:1.3.dfsg-3.1ubuntu2.2
zlib1g-dev	1:1.3.dfsg-3.1ubuntu2.2
zsh	5.9-6ubuntu2
zsh-common	5.9-6ubuntu2
zutty	0.14.8.20231210+dfsg1-1
