Package	Version	LibPath
armspp	0.0.3	~/.local/lib/R/replication-20260914
autoFRK	1.4.4	~/.local/lib/R/replication-20260914
bain	0.2.12	~/.local/lib/R/replication-20260914
batchmeans	1.0-4	~/.local/lib/R/replication-20260914
bayesm	3.1-7	~/.local/lib/R/replication-20260914
BDgraph	2.74	~/.local/lib/R/replication-20260914
Bergm	5.0.7	~/.local/lib/R/replication-20260914
berryFunctions	1.22.13	~/.local/lib/R/replication-20260914
BFpack	1.6.1	~/.local/lib/R/replication-20260914
BGGM	2.1.6	~/.local/lib/R/replication-20260914
bigD	0.3.1	~/.local/lib/R/replication-20260914
BiocGenerics	0.58.1	~/.local/lib/R/replication-20260914
BiocManager	1.30.27	~/.local/lib/R/replication-20260914
BiocVersion	3.23.1	~/.local/lib/R/replication-20260914
bitops	1.0-9	~/.local/lib/R/replication-20260914
BMGM	0.1.1	~/.local/lib/R/replication-20260914
bnlearn	5.2.1	~/.local/lib/R/replication-20260914
bridgesampling	1.2-1	~/.local/lib/R/replication-20260914
Brobdingnag	1.2-9	~/.local/lib/R/replication-20260914
camel	0.2.0	~/.local/lib/R/replication-20260914
CARBayes	6.1.1	~/.local/lib/R/replication-20260914
CARBayesdata	3.0	~/.local/lib/R/replication-20260914
CARBayesST	4.0	~/.local/lib/R/replication-20260914
CircStats	0.2-7	~/.local/lib/R/replication-20260914
clarabel	0.11.3	~/.local/lib/R/replication-20260914
compositions	2.0-9	~/.local/lib/R/replication-20260914
CompQuadForm	1.4.4	~/.local/lib/R/replication-20260914
config	0.3.2	~/.local/lib/R/replication-20260914
corpcor	1.6.10	~/.local/lib/R/replication-20260914
covr	3.6.5	~/.local/lib/R/replication-20260914
credentials	2.0.3	~/.local/lib/R/replication-20260914
CVXR	1.9.2	~/.local/lib/R/replication-20260914
deepspat	0.3.2	~/.local/lib/R/replication-20260914
devtools	2.5.2	~/.local/lib/R/replication-20260914
DiceDesign	1.10	~/.local/lib/R/replication-20260914
diffviewer	0.1.2	~/.local/lib/R/replication-20260914
distributional	0.8.1	~/.local/lib/R/replication-20260914
doParallel	1.0.17	~/.local/lib/R/replication-20260914
downlit	0.4.5	~/.local/lib/R/replication-20260914
DOYPAColors	0.0.2	~/.local/lib/R/replication-20260914
DT	0.34.0	~/.local/lib/R/replication-20260914
dtw	1.23-2	~/.local/lib/R/replication-20260914
EigenR	1.3.0	~/.local/lib/R/replication-20260914
ergm	4.12.0	~/.local/lib/R/replication-20260914
fasjem	1.2.0	~/.local/lib/R/replication-20260914
fdrtool	1.2.18	~/.local/lib/R/replication-20260914
fftw	1.0-9	~/.local/lib/R/replication-20260914
filehash	2.4-6	~/.local/lib/R/replication-20260914
filehashSQLite	0.2-7	~/.local/lib/R/replication-20260914
filematrix	1.3	~/.local/lib/R/replication-20260914
flare	1.8	~/.local/lib/R/replication-20260914
foghorn	1.6.1	~/.local/lib/R/replication-20260914
forcats	1.0.1	~/.local/lib/R/replication-20260914
future	1.70.0	~/.local/lib/R/replication-20260914
future.apply	1.20.2	~/.local/lib/R/replication-20260914
gelnet	1.2.1	~/.local/lib/R/replication-20260914
geojsonsf	2.0.5	~/.local/lib/R/replication-20260914
geometry	0.5.2	~/.local/lib/R/replication-20260914
geoR	1.9-6	~/.local/lib/R/replication-20260914
gert	2.3.1	~/.local/lib/R/replication-20260914
GGally	2.4.0	~/.local/lib/R/replication-20260914
ggnewscale	0.5.2	~/.local/lib/R/replication-20260914
ggOceanMaps	2.3.0	~/.local/lib/R/replication-20260914
ggplot2movies	0.0.1	~/.local/lib/R/replication-20260914
ggridges	0.5.7	~/.local/lib/R/replication-20260914
ggstats	0.14.0	~/.local/lib/R/replication-20260914
gh	1.6.0	~/.local/lib/R/replication-20260914
GIGrvg	0.8	~/.local/lib/R/replication-20260914
glasso	1.11	~/.local/lib/R/replication-20260914
glmnet	5.0	~/.local/lib/R/replication-20260914
globals	0.19.1	~/.local/lib/R/replication-20260914
gmp	0.7-5.1	~/.local/lib/R/replication-20260914
GPArotation	2026.8-2	~/.local/lib/R/replication-20260914
GPvecchia	0.1.8	~/.local/lib/R/replication-20260914
graph	1.90.0	~/.local/lib/R/replication-20260914
gRbase	2.0.3	~/.local/lib/R/replication-20260914
gsl	2.1-9	~/.local/lib/R/replication-20260914
gt	1.3.0	~/.local/lib/R/replication-20260914
gtools	3.9.5	~/.local/lib/R/replication-20260914
here	1.0.2	~/.local/lib/R/replication-20260914
hetGP	1.1.9	~/.local/lib/R/replication-20260914
hexbin	1.28.5	~/.local/lib/R/replication-20260914
highs	1.14.0-2	~/.local/lib/R/replication-20260914
httpuv	1.6.17	~/.local/lib/R/replication-20260914
httr	1.4.8	~/.local/lib/R/replication-20260914
httr2	1.2.2	~/.local/lib/R/replication-20260914
huge	2.0.1	~/.local/lib/R/replication-20260914
hunspell	3.0.6	~/.local/lib/R/replication-20260914
HypergeoMat	4.0.3	~/.local/lib/R/replication-20260914
inline	0.3.21	~/.local/lib/R/replication-20260914
insight	1.5.3	~/.local/lib/R/replication-20260914
jeek	1.1.1	~/.local/lib/R/replication-20260914
JGL	2.3.2	~/.local/lib/R/replication-20260914
jose	2.0.0	~/.local/lib/R/replication-20260914
jpeg	0.1-11	~/.local/lib/R/replication-20260914
juicyjuice	0.1.0	~/.local/lib/R/replication-20260914
JuliaConnectoR	1.1.5	~/.local/lib/R/replication-20260914
keras	2.16.1	~/.local/lib/R/replication-20260914
laGP	1.5-10	~/.local/lib/R/replication-20260914
LaplacesDemon	16.1.8	~/.local/lib/R/replication-20260914
lavaan	0.7-2	~/.local/lib/R/replication-20260914
leafem	0.2.5	~/.local/lib/R/replication-20260914
leafgl	0.2.4	~/.local/lib/R/replication-20260914
leaflegend	1.2.8	~/.local/lib/R/replication-20260914
leaflet	2.2.3	~/.local/lib/R/replication-20260914
leafpop	0.1.0	~/.local/lib/R/replication-20260914
leafsync	0.1.0	~/.local/lib/R/replication-20260914
LearnBayes	2.15.2	~/.local/lib/R/replication-20260914
listenv	0.10.1	~/.local/lib/R/replication-20260914
loggle	1.0	~/.local/lib/R/replication-20260914
logspline	2.1.22	~/.local/lib/R/replication-20260914
loo	2.10.1	~/.local/lib/R/replication-20260914
lpSolveAPI	5.5.2.0-17.15	~/.local/lib/R/replication-20260914
lwgeom	0.2-16	~/.local/lib/R/replication-20260914
mapdata	2.3.1	~/.local/lib/R/replication-20260914
mapproj	1.2.12	~/.local/lib/R/replication-20260914
maptiles	0.11.0	~/.local/lib/R/replication-20260914
maptree	1.4-9	~/.local/lib/R/replication-20260914
mapview	2.11.4	~/.local/lib/R/replication-20260914
marginaleffects	0.32.0	~/.local/lib/R/replication-20260914
matrixcalc	1.0-6	~/.local/lib/R/replication-20260914
mcmc	0.9-8	~/.local/lib/R/replication-20260914
MCMCpack	1.7-1	~/.local/lib/R/replication-20260914
mco	1.17	~/.local/lib/R/replication-20260914
metaBMA	0.6.9	~/.local/lib/R/replication-20260914
MetricGraph	1.6.0	~/.local/lib/R/replication-20260914
mgm	1.2-15	~/.local/lib/R/replication-20260914
micsr	0.1-5	~/.local/lib/R/replication-20260914
miniUI	0.1.2	~/.local/lib/R/replication-20260914
mlogit	2.0-0	~/.local/lib/R/replication-20260914
multcomp	1.4-30	~/.local/lib/R/replication-20260914
munsell	0.5.1	~/.local/lib/R/replication-20260914
mvnfast	0.2.8	~/.local/lib/R/replication-20260914
network	1.20.0	~/.local/lib/R/replication-20260914
ngspatial	1.2-2	~/.local/lib/R/replication-20260914
odbc	1.7.0	~/.local/lib/R/replication-20260914
osqp	1.0.0	~/.local/lib/R/replication-20260914
packrat	0.9.3	~/.local/lib/R/replication-20260914
parallelly	1.47.0	~/.local/lib/R/replication-20260914
patchwork	1.3.2	~/.local/lib/R/replication-20260914
pbivnorm	0.6.0	~/.local/lib/R/replication-20260914
pcaPP	2.0-5	~/.local/lib/R/replication-20260914
pkgdown	2.2.0	~/.local/lib/R/replication-20260914
PKI	0.1-15	~/.local/lib/R/replication-20260914
posterior	1.7.0	~/.local/lib/R/replication-20260914
pROC	1.19.0.1	~/.local/lib/R/replication-20260914
profvis	0.4.0	~/.local/lib/R/replication-20260914
psych	2.6.5	~/.local/lib/R/replication-20260914
qgraph	1.10.1	~/.local/lib/R/replication-20260914
QRM	0.4-35	~/.local/lib/R/replication-20260914
quadprog	1.5-8	~/.local/lib/R/replication-20260914
quarto	1.5.1	~/.local/lib/R/replication-20260914
QuickJSR	1.11.0	~/.local/lib/R/replication-20260914
ragg	1.5.2	~/.local/lib/R/replication-20260914
rags2ridges	2.2.9	~/.local/lib/R/replication-20260914
RApiSerialize	0.1.4	~/.local/lib/R/replication-20260914
raster	3.6-32	~/.local/lib/R/replication-20260914
RBGL	1.88.0	~/.local/lib/R/replication-20260914
RcppDist	0.1.1.1	~/.local/lib/R/replication-20260914
RcppParallel	6.2.0	~/.local/lib/R/replication-20260914
RcppTOML	0.2.3	~/.local/lib/R/replication-20260914
reactable	0.4.5	~/.local/lib/R/replication-20260914
reactR	0.6.1	~/.local/lib/R/replication-20260914
remotes	2.5.0	~/.local/lib/R/replication-20260914
renv	1.2.3	~/.local/lib/R/replication-20260914
reshape	0.8.10	~/.local/lib/R/replication-20260914
reticulate	1.47.0	~/.local/lib/R/replication-20260914
rgl	1.3.36	~/.local/lib/R/replication-20260914
Rglpk	0.6-5.1	~/.local/lib/R/replication-20260914
rle	0.10.0	~/.local/lib/R/replication-20260914
rnaturalearth	1.2.0	~/.local/lib/R/replication-20260914
rnaturalearthdata	1.0.0	~/.local/lib/R/replication-20260914
RPostgres	1.4.10	~/.local/lib/R/replication-20260914
rsconnect	1.8.0	~/.local/lib/R/replication-20260914
RSQLite	3.53.1	~/.local/lib/R/replication-20260914
rstan	2.32.7	~/.local/lib/R/replication-20260914
rstantools	2.7.1	~/.local/lib/R/replication-20260914
rticles	0.27	~/.local/lib/R/replication-20260914
rvest	1.0.5	~/.local/lib/R/replication-20260914
sandwich	3.1-1	~/.local/lib/R/replication-20260914
satellite	1.0.6	~/.local/lib/R/replication-20260914
scs	3.2.7	~/.local/lib/R/replication-20260914
selectr	0.5-1	~/.local/lib/R/replication-20260914
servr	0.32	~/.local/lib/R/replication-20260914
sfsmisc	1.1-25	~/.local/lib/R/replication-20260914
shape	1.4.6.1	~/.local/lib/R/replication-20260914
shiny	1.13.0	~/.local/lib/R/replication-20260914
SILGGM	1.0.0	~/.local/lib/R/replication-20260914
slam	0.1-56	~/.local/lib/R/replication-20260914
sm	2.2-6.0	~/.local/lib/R/replication-20260914
smoothr	1.3.0	~/.local/lib/R/replication-20260914
sn	2.1.3	~/.local/lib/R/replication-20260914
sna	2.8	~/.local/lib/R/replication-20260914
snow	0.4-4	~/.local/lib/R/replication-20260914
snowfall	1.84-6.3	~/.local/lib/R/replication-20260914
snowflakeauth	0.2.2	~/.local/lib/R/replication-20260914
SpatialExtremes	2.1-0	~/.local/lib/R/replication-20260914
spatialreg	1.4-3	~/.local/lib/R/replication-20260914
spatstat	3.6-1	~/.local/lib/R/replication-20260914
spatstat.explore	3.8-1	~/.local/lib/R/replication-20260914
spatstat.geom	3.8-1	~/.local/lib/R/replication-20260914
spatstat.linnet	3.5-1	~/.local/lib/R/replication-20260914
spatstat.model	3.7-1	~/.local/lib/R/replication-20260914
spatstat.random	3.5-0	~/.local/lib/R/replication-20260914
spBayes	0.4-9	~/.local/lib/R/replication-20260914
spdep	1.4-2	~/.local/lib/R/replication-20260914
spelling	2.3.2	~/.local/lib/R/replication-20260914
ssgraph	1.16	~/.local/lib/R/replication-20260914
stabs	0.7-1	~/.local/lib/R/replication-20260914
StanHeaders	2.39.1	~/.local/lib/R/replication-20260914
statnet.common	4.13.0	~/.local/lib/R/replication-20260914
stringfish	0.19.2	~/.local/lib/R/replication-20260914
svglite	2.2.2	~/.local/lib/R/replication-20260914
tensorflow	2.20.0	~/.local/lib/R/replication-20260914
testthat	3.3.2	~/.local/lib/R/replication-20260914
tfautograph	0.3.2	~/.local/lib/R/replication-20260914
tfprobability	0.15.2	~/.local/lib/R/replication-20260914
tfruns	1.5.4	~/.local/lib/R/replication-20260914
tgp	2.4-23	~/.local/lib/R/replication-20260914
TH.data	1.1-5	~/.local/lib/R/replication-20260914
tidyterra	1.1.0	~/.local/lib/R/replication-20260914
timeSeries	4052.112	~/.local/lib/R/replication-20260914
tmap	4.3	~/.local/lib/R/replication-20260914
tmaptools	3.3	~/.local/lib/R/replication-20260914
truncdist	1.0-2	~/.local/lib/R/replication-20260914
truncnorm	1.0-9	~/.local/lib/R/replication-20260914
trust	0.1-9	~/.local/lib/R/replication-20260914
usethis	3.2.1	~/.local/lib/R/replication-20260914
V8	8.2.0	~/.local/lib/R/replication-20260914
vdiffr	1.0.9	~/.local/lib/R/replication-20260914
verification	1.45	~/.local/lib/R/replication-20260914
viridis	0.6.5	~/.local/lib/R/replication-20260914
XMRF	1.0	~/.local/lib/R/replication-20260914
zeallot	0.2.0	~/.local/lib/R/replication-20260914
abind	1.4-8	~/.local/lib/R/site-library
askpass	1.2.1	~/.local/lib/R/site-library
backports	1.5.1	~/.local/lib/R/site-library
base64enc	0.1-6	~/.local/lib/R/site-library
BH	1.90.0-1	~/.local/lib/R/site-library
bit	4.6.0	~/.local/lib/R/site-library
bit64	4.8.6	~/.local/lib/R/site-library
blob	1.3.0	~/.local/lib/R/site-library
brew	1.0-10	~/.local/lib/R/site-library
brio	1.1.5	~/.local/lib/R/site-library
broom	1.0.13	~/.local/lib/R/site-library
bslib	0.12.0	~/.local/lib/R/site-library
cachem	1.1.0	~/.local/lib/R/site-library
callr	3.8.0	~/.local/lib/R/site-library
car	3.1-5	~/.local/lib/R/site-library
carData	3.0-6	~/.local/lib/R/site-library
checkmate	2.3.4	~/.local/lib/R/site-library
classInt	0.4-11	~/.local/lib/R/site-library
cli	3.6.6	~/.local/lib/R/site-library
clipr	0.8.1	~/.local/lib/R/site-library
cluster	2.1.8.3	~/.local/lib/R/site-library
coda	0.19-4.1	~/.local/lib/R/site-library
collections	0.3.12	~/.local/lib/R/site-library
colorspace	2.1-3	~/.local/lib/R/site-library
cols4all	0.10	~/.local/lib/R/site-library
commonmark	2.0.0	~/.local/lib/R/site-library
corrplot	0.95	~/.local/lib/R/site-library
cowplot	1.2.0	~/.local/lib/R/site-library
cpp11	0.5.5	~/.local/lib/R/site-library
crayon	1.5.3	~/.local/lib/R/site-library
crosstalk	1.2.2	~/.local/lib/R/site-library
curl	8.0.0	~/.local/lib/R/site-library
data.table	1.18.6.1	~/.local/lib/R/site-library
DBI	1.3.0	~/.local/lib/R/site-library
deldir	2.0-4	~/.local/lib/R/site-library
DEoptimR	1.2-1	~/.local/lib/R/site-library
Deriv	4.3.5	~/.local/lib/R/site-library
desc	1.4.3	~/.local/lib/R/site-library
dfidx	0.2-0	~/.local/lib/R/site-library
diffobj	0.3.8	~/.local/lib/R/site-library
digest	0.6.39	~/.local/lib/R/site-library
DistributionUtils	0.6-2	~/.local/lib/R/site-library
doBy	4.7.2	~/.local/lib/R/site-library
dotCall64	1.2	~/.local/lib/R/site-library
dplyr	1.2.1	~/.local/lib/R/site-library
e1071	1.7-17	~/.local/lib/R/site-library
Ecdat	0.4.7	~/.local/lib/R/site-library
ellipsis	0.3.3	~/.local/lib/R/site-library
evaluate	1.0.5	~/.local/lib/R/site-library
evd	2.3-7.1	~/.local/lib/R/site-library
expm	1.0-1	~/.local/lib/R/site-library
fansi	1.0.7	~/.local/lib/R/site-library
farver	2.1.2	~/.local/lib/R/site-library
fastGHQuad	1.0.1	~/.local/lib/R/site-library
fastmap	1.2.0	~/.local/lib/R/site-library
fftwtools	0.9-11	~/.local/lib/R/site-library
fields	17.3	~/.local/lib/R/site-library
fmesher	0.8.0	~/.local/lib/R/site-library
FNN	1.1.4.1	~/.local/lib/R/site-library
fontawesome	0.5.3	~/.local/lib/R/site-library
foreach	1.5.2	~/.local/lib/R/site-library
forecast	9.0.2	~/.local/lib/R/site-library
Formula	1.2-6	~/.local/lib/R/site-library
fracdiff	1.5-4	~/.local/lib/R/site-library
FRK	2.3.2	~/.local/lib/R/site-library
fs	2.1.0	~/.local/lib/R/site-library
GeneralizedHyperbolic	0.8-7	~/.local/lib/R/site-library
generics	0.1.4	~/.local/lib/R/site-library
geometries	0.2.5	~/.local/lib/R/site-library
ggplot2	4.0.3	~/.local/lib/R/site-library
ggpubr	1.0.0	~/.local/lib/R/site-library
ggrepel	0.9.8	~/.local/lib/R/site-library
ggsci	5.2.0	~/.local/lib/R/site-library
ggsignif	0.6.4	~/.local/lib/R/site-library
gitcreds	0.1.2	~/.local/lib/R/site-library
glue	1.8.1	~/.local/lib/R/site-library
goftest	1.2-3	~/.local/lib/R/site-library
GpGp	1.0.0	~/.local/lib/R/site-library
gridExtra	2.3.1	~/.local/lib/R/site-library
gstat	2.1-6	~/.local/lib/R/site-library
gtable	0.3.6	~/.local/lib/R/site-library
highr	0.12	~/.local/lib/R/site-library
Hmisc	5.3-0	~/.local/lib/R/site-library
hms	1.1.4	~/.local/lib/R/site-library
htmlTable	2.5.0	~/.local/lib/R/site-library
htmltools	0.5.9	~/.local/lib/R/site-library
htmlwidgets	1.6.4	~/.local/lib/R/site-library
igraph	2.3.3	~/.local/lib/R/site-library
ini	0.3.1	~/.local/lib/R/site-library
INLA	25.10.19	~/.local/lib/R/site-library
inlabru	2.15.0	~/.local/lib/R/site-library
INLAspacetime	0.1.14	~/.local/lib/R/site-library
INLAtools	0.1.5	~/.local/lib/R/site-library
intervals	0.15.5	~/.local/lib/R/site-library
isoband	0.3.0	~/.local/lib/R/site-library
iterators	1.0.14	~/.local/lib/R/site-library
jquerylib	0.1.4	~/.local/lib/R/site-library
jsonify	1.2.3	~/.local/lib/R/site-library
jsonlite	2.0.0	~/.local/lib/R/site-library
KFAS	1.6.0	~/.local/lib/R/site-library
knitr	1.52	~/.local/lib/R/site-library
labeling	0.4.3	~/.local/lib/R/site-library
languageserver	0.3.18	~/.local/lib/R/site-library
later	1.4.8	~/.local/lib/R/site-library
LatticeKrig	9.4.1	~/.local/lib/R/site-library
lazyeval	0.2.3	~/.local/lib/R/site-library
leaflet.providers	3.0.0	~/.local/lib/R/site-library
lifecycle	1.0.5	~/.local/lib/R/site-library
linprog	0.9-6	~/.local/lib/R/site-library
lintr	3.4.0	~/.local/lib/R/site-library
litedown	0.11	~/.local/lib/R/site-library
lme4	2.0-6	~/.local/lib/R/site-library
lmtest	0.9-40	~/.local/lib/R/site-library
logger	0.4.3	~/.local/lib/R/site-library
lpSolve	5.6.23	~/.local/lib/R/site-library
lubridate	1.9.5	~/.local/lib/R/site-library
magic	1.6-1	~/.local/lib/R/site-library
magrittr	2.0.5	~/.local/lib/R/site-library
maps	3.4.3	~/.local/lib/R/site-library
markdown	2.0	~/.local/lib/R/site-library
MatrixModels	0.5-4	~/.local/lib/R/site-library
matrixStats	1.5.0	~/.local/lib/R/site-library
memoise	2.0.1	~/.local/lib/R/site-library
microbenchmark	1.5.0	~/.local/lib/R/site-library
mime	0.13	~/.local/lib/R/site-library
minqa	1.2.8	~/.local/lib/R/site-library
mnormt	2.1.2	~/.local/lib/R/site-library
modelr	0.1.11	~/.local/lib/R/site-library
mvtnorm	1.4-2	~/.local/lib/R/site-library
nanoarrow	0.9.0	~/.local/lib/R/site-library
nloptr	2.2.1	~/.local/lib/R/site-library
numDeriv	2016.8-1.1	~/.local/lib/R/site-library
openssl	2.4.2	~/.local/lib/R/site-library
optimParallel	1.0-3	~/.local/lib/R/site-library
otel	0.2.0	~/.local/lib/R/site-library
pak	0.11.1	~/.local/lib/R/site-library
pbapply	1.7-5	~/.local/lib/R/site-library
pbkrtest	0.5.5	~/.local/lib/R/site-library
pillar	1.11.1	~/.local/lib/R/site-library
pixmap	0.4-14	~/.local/lib/R/site-library
pkgbuild	1.4.8	~/.local/lib/R/site-library
pkgconfig	2.0.3	~/.local/lib/R/site-library
pkgload	1.5.3	~/.local/lib/R/site-library
plyr	1.8.9	~/.local/lib/R/site-library
png	0.1-9	~/.local/lib/R/site-library
polyclip	1.10-7	~/.local/lib/R/site-library
polynom	1.4-1	~/.local/lib/R/site-library
pool	1.0.5	~/.local/lib/R/site-library
pracma	2.4.6	~/.local/lib/R/site-library
praise	1.0.0	~/.local/lib/R/site-library
prettyunits	1.2.0	~/.local/lib/R/site-library
processx	3.9.0	~/.local/lib/R/site-library
progress	1.2.3	~/.local/lib/R/site-library
promises	1.5.0	~/.local/lib/R/site-library
proxy	0.4-29	~/.local/lib/R/site-library
ps	1.9.3	~/.local/lib/R/site-library
purrr	1.2.2	~/.local/lib/R/site-library
quantreg	6.1	~/.local/lib/R/site-library
R.cache	0.17.0	~/.local/lib/R/site-library
R.methodsS3	1.8.2	~/.local/lib/R/site-library
R.oo	1.27.1	~/.local/lib/R/site-library
R.utils	2.13.0	~/.local/lib/R/site-library
R6	2.6.1	~/.local/lib/R/site-library
RANN	2.6.3	~/.local/lib/R/site-library
rapidjsonr	1.2.1	~/.local/lib/R/site-library
rappdirs	0.3.4	~/.local/lib/R/site-library
rbibutils	2.4.1	~/.local/lib/R/site-library
rcmdcheck	1.4.0	~/.local/lib/R/site-library
RColorBrewer	1.1-3	~/.local/lib/R/site-library
Rcpp	1.1.2	~/.local/lib/R/site-library
RcppArmadillo	15.4.2-1	~/.local/lib/R/site-library
RcppEigen	0.3.4.0.2	~/.local/lib/R/site-library
RcppProgress	0.4.2	~/.local/lib/R/site-library
Rdpack	2.6.6	~/.local/lib/R/site-library
rdtools	0.1.0	~/.local/lib/R/site-library
reformulas	0.4.4	~/.local/lib/R/site-library
reshape2	1.4.5	~/.local/lib/R/site-library
rex	1.2.2	~/.local/lib/R/site-library
rlang	1.3.0	~/.local/lib/R/site-library
rmarkdown	2.32	~/.local/lib/R/site-library
robustbase	0.99-7	~/.local/lib/R/site-library
roxygen2	8.1.0	~/.local/lib/R/site-library
RPostgreSQL	0.7-8	~/.local/lib/R/site-library
rprojroot	2.1.1	~/.local/lib/R/site-library
rSPDE	2.6.0	~/.local/lib/R/site-library
RSpectra	0.16-2	~/.local/lib/R/site-library
rstatix	1.1.0	~/.local/lib/R/site-library
rstudioapi	0.19.0	~/.local/lib/R/site-library
rversions	3.0.0	~/.local/lib/R/site-library
s2	1.1.12	~/.local/lib/R/site-library
S7	0.2.2	~/.local/lib/R/site-library
sass	0.4.10	~/.local/lib/R/site-library
scales	1.4.0	~/.local/lib/R/site-library
sessioninfo	1.2.4	~/.local/lib/R/site-library
sf	1.1-2	~/.local/lib/R/site-library
sfheaders	0.4.5	~/.local/lib/R/site-library
sftime	0.3.2	~/.local/lib/R/site-library
sourcetools	0.1.7-2	~/.local/lib/R/site-library
sp	2.2-3	~/.local/lib/R/site-library
spacesXYZ	1.6-0	~/.local/lib/R/site-library
spacetime	1.3-4	~/.local/lib/R/site-library
spam	2.11-4	~/.local/lib/R/site-library
spam64	2.11-4	~/.local/lib/R/site-library
sparseinv	0.1.4	~/.local/lib/R/site-library
SparseM	1.84-2	~/.local/lib/R/site-library
spatial	7.3-19	~/.local/lib/R/site-library
spatstat.data	3.1-9	~/.local/lib/R/site-library
spatstat.sparse	3.2-0	~/.local/lib/R/site-library
spatstat.univar	3.2-0	~/.local/lib/R/site-library
spatstat.utils	3.2-4	~/.local/lib/R/site-library
spData	2.3.5	~/.local/lib/R/site-library
spectralGP	1.3.4	~/.local/lib/R/site-library
splancs	2.01-45	~/.local/lib/R/site-library
stars	0.7-3	~/.local/lib/R/site-library
statmod	1.5.2	~/.local/lib/R/site-library
stringdist	0.9.17	~/.local/lib/R/site-library
stringi	1.8.9	~/.local/lib/R/site-library
stringr	1.6.0	~/.local/lib/R/site-library
styler	1.11.0	~/.local/lib/R/site-library
sys	3.4.3	~/.local/lib/R/site-library
systemfonts	1.3.2	~/.local/lib/R/site-library
tensor	1.5.1	~/.local/lib/R/site-library
tensorA	0.36.2.1	~/.local/lib/R/site-library
terra	1.9-46	~/.local/lib/R/site-library
textshaping	1.0.5	~/.local/lib/R/site-library
tibble	3.3.1	~/.local/lib/R/site-library
tidyr	1.3.2	~/.local/lib/R/site-library
tidyselect	1.2.1	~/.local/lib/R/site-library
timechange	0.4.0	~/.local/lib/R/site-library
timeDate	4052.112	~/.local/lib/R/site-library
tinytex	0.60	~/.local/lib/R/site-library
TMB	1.9.25	~/.local/lib/R/site-library
tzdb	0.5.0	~/.local/lib/R/site-library
units	1.0-1	~/.local/lib/R/site-library
urca	1.3-4	~/.local/lib/R/site-library
urlchecker	2.0.0	~/.local/lib/R/site-library
utf8	1.2.6	~/.local/lib/R/site-library
uuid	1.2-2	~/.local/lib/R/site-library
vctrs	0.7.3	~/.local/lib/R/site-library
viridisLite	0.4.3	~/.local/lib/R/site-library
waldo	0.6.2	~/.local/lib/R/site-library
whisker	0.4.1	~/.local/lib/R/site-library
withr	3.0.3	~/.local/lib/R/site-library
wk	0.9.5	~/.local/lib/R/site-library
xfun	0.60	~/.local/lib/R/site-library
XML	3.99-0.24	~/.local/lib/R/site-library
xml2	1.6.0	~/.local/lib/R/site-library
xmlparsedata	1.0.5	~/.local/lib/R/site-library
xopen	1.0.1	~/.local/lib/R/site-library
xtable	1.8-8	~/.local/lib/R/site-library
xts	0.14.2	~/.local/lib/R/site-library
yaml	2.3.12	~/.local/lib/R/site-library
yyjsonr	0.1.22	~/.local/lib/R/site-library
zip	3.0.2	~/.local/lib/R/site-library
zoo	1.9-0	~/.local/lib/R/site-library
littler	0.3.23	/usr/lib/R/site-library
base	4.6.1	/usr/lib/R/library
boot	1.3-32	/usr/lib/R/library
class	7.3-24	/usr/lib/R/library
codetools	0.2-20	/usr/lib/R/library
compiler	4.6.1	/usr/lib/R/library
datasets	4.6.1	/usr/lib/R/library
foreign	0.8-91	/usr/lib/R/library
graphics	4.6.1	/usr/lib/R/library
grDevices	4.6.1	/usr/lib/R/library
grid	4.6.1	/usr/lib/R/library
KernSmooth	2.23-27	/usr/lib/R/library
lattice	0.23-1	/usr/lib/R/library
MASS	7.3-66	/usr/lib/R/library
Matrix	1.7-6	/usr/lib/R/library
methods	4.6.1	/usr/lib/R/library
mgcv	1.9-4	/usr/lib/R/library
nlme	3.1-171	/usr/lib/R/library
nnet	7.3-21	/usr/lib/R/library
parallel	4.6.1	/usr/lib/R/library
rpart	4.1.27	/usr/lib/R/library
splines	4.6.1	/usr/lib/R/library
stats	4.6.1	/usr/lib/R/library
stats4	4.6.1	/usr/lib/R/library
survival	3.8-11	/usr/lib/R/library
tcltk	4.6.1	/usr/lib/R/library
tools	4.6.1	/usr/lib/R/library
utils	4.6.1	/usr/lib/R/library
