Package	Version	LibPath	Priority
abind	1.4-8	/home/phili/.local/lib/R/site-library	NA
armspp	0.0.3	/home/phili/R/library	NA
askpass	1.2.1	/home/phili/.local/lib/R/site-library	NA
backports	1.5.1	/home/phili/.local/lib/R/site-library	NA
bain	0.2.12	/home/phili/R/library	NA
base	4.6.1	/usr/lib/R/library	base
base64enc	0.1-6	/home/phili/.local/lib/R/site-library	NA
batchmeans	1.0-4	/home/phili/R/library	NA
bayesm	3.1-7	/home/phili/R/library	NA
BDgraph	2.74	/home/phili/R/library	NA
Bergm	5.0.7	/home/phili/R/library	NA
berryFunctions	1.22.13	/home/phili/R/library	NA
BFpack	1.6.1	/home/phili/R/library	NA
BGGM	2.1.6	/home/phili/R/library	NA
BH	1.90.0-1	/home/phili/.local/lib/R/site-library	NA
bigD	0.3.1	/home/phili/R/library	NA
BiocGenerics	0.58.1	/home/phili/R/library	NA
BiocManager	1.30.27	/home/phili/R/library	NA
BiocVersion	3.23.1	/home/phili/R/library	NA
bit	4.6.0	/home/phili/.local/lib/R/site-library	NA
bit64	4.8.6	/home/phili/.local/lib/R/site-library	NA
bitops	1.0-9	/home/phili/R/library	NA
blob	1.3.0	/home/phili/.local/lib/R/site-library	NA
BMGM	0.1.1	/home/phili/R/library	NA
bnlearn	5.2.1	/home/phili/R/library	NA
boot	1.3-32	/home/phili/.local/lib/R/site-library	recommended
brew	1.0-10	/home/phili/.local/lib/R/site-library	NA
bridgesampling	1.2-1	/home/phili/R/library	NA
brio	1.1.5	/home/phili/.local/lib/R/site-library	NA
Brobdingnag	1.2-9	/home/phili/R/library	NA
broom	1.0.13	/home/phili/.local/lib/R/site-library	NA
bslib	0.12.0	/home/phili/.local/lib/R/site-library	NA
cachem	1.1.0	/home/phili/.local/lib/R/site-library	NA
callr	3.8.0	/home/phili/.local/lib/R/site-library	NA
camel	0.2.0	/home/phili/R/library	NA
car	3.1-5	/home/phili/.local/lib/R/site-library	NA
CARBayes	6.1.1	/home/phili/R/library	NA
CARBayesdata	3.0	/home/phili/R/library	NA
CARBayesST	4.0	/home/phili/R/library	NA
carData	3.0-6	/home/phili/.local/lib/R/site-library	NA
checkmate	2.3.4	/home/phili/.local/lib/R/site-library	NA
CircStats	0.2-7	/home/phili/R/library	NA
class	7.3-24	/home/phili/.local/lib/R/site-library	recommended
classInt	0.4-11	/home/phili/.local/lib/R/site-library	NA
cli	3.6.6	/home/phili/.local/lib/R/site-library	NA
clipr	0.8.1	/home/phili/.local/lib/R/site-library	NA
cluster	2.1.8.3	/home/phili/.local/lib/R/site-library	recommended
coda	0.19-4.1	/home/phili/.local/lib/R/site-library	NA
codetools	0.2-20	/home/phili/.local/lib/R/site-library	recommended
collections	0.3.12	/home/phili/.local/lib/R/site-library	NA
colorspace	2.1-3	/home/phili/.local/lib/R/site-library	NA
cols4all	0.10	/home/phili/.local/lib/R/site-library	NA
commonmark	2.0.0	/home/phili/.local/lib/R/site-library	NA
compiler	4.6.1	/usr/lib/R/library	base
compositions	2.0-9	/home/phili/R/library	NA
CompQuadForm	1.4.4	/home/phili/R/library	NA
corpcor	1.6.10	/home/phili/R/library	NA
corrplot	0.95	/home/phili/.local/lib/R/site-library	NA
covr	3.6.5	/home/phili/.local/lib/R/site-library	NA
cowplot	1.2.0	/home/phili/.local/lib/R/site-library	NA
cpp11	0.5.5	/home/phili/.local/lib/R/site-library	NA
crayon	1.5.3	/home/phili/.local/lib/R/site-library	NA
credentials	2.0.3	/home/phili/R/library	NA
crosstalk	1.2.2	/home/phili/.local/lib/R/site-library	NA
curl	8.0.0	/home/phili/.local/lib/R/site-library	NA
data.table	1.18.6.1	/home/phili/.local/lib/R/site-library	NA
datasets	4.6.1	/usr/lib/R/library	base
DBI	1.3.0	/home/phili/.local/lib/R/site-library	NA
deldir	2.0-4	/home/phili/.local/lib/R/site-library	NA
DEoptimR	1.2-1	/home/phili/.local/lib/R/site-library	NA
Deriv	4.3.5	/home/phili/.local/lib/R/site-library	NA
desc	1.4.3	/home/phili/.local/lib/R/site-library	NA
devtools	2.5.2	/home/phili/R/library	NA
dfidx	0.2-0	/home/phili/.local/lib/R/site-library	NA
diffobj	0.3.8	/home/phili/.local/lib/R/site-library	NA
diffviewer	0.1.2	/home/phili/R/library	NA
digest	0.6.39	/home/phili/.local/lib/R/site-library	NA
distributional	0.8.1	/home/phili/R/library	NA
DistributionUtils	0.6-2	/home/phili/.local/lib/R/site-library	NA
doBy	4.7.2	/home/phili/.local/lib/R/site-library	NA
doParallel	1.0.17	/home/phili/.local/lib/R/site-library	NA
dotCall64	1.2	/home/phili/.local/lib/R/site-library	NA
downlit	0.4.5	/home/phili/R/library	NA
DOYPAColors	0.0.2	/home/phili/.local/lib/R/site-library	NA
dplyr	1.2.1	/home/phili/.local/lib/R/site-library	NA
DT	0.34.0	/home/phili/R/library	NA
dtw	1.23-2	/home/phili/R/library	NA
e1071	1.7-17	/home/phili/.local/lib/R/site-library	NA
Ecdat	0.4.7	/home/phili/.local/lib/R/site-library	NA
EigenR	1.3.0	/home/phili/R/library	NA
ellipsis	0.3.3	/home/phili/.local/lib/R/site-library	NA
ergm	4.12.0	/home/phili/R/library	NA
evaluate	1.0.5	/home/phili/.local/lib/R/site-library	NA
evd	2.3-7.1	/home/phili/.local/lib/R/site-library	NA
expm	1.0-1	/home/phili/.local/lib/R/site-library	NA
fansi	1.0.7	/home/phili/.local/lib/R/site-library	NA
farver	2.1.2	/home/phili/.local/lib/R/site-library	NA
fasjem	1.2.0	/home/phili/R/library	NA
fastGHQuad	1.0.1	/home/phili/.local/lib/R/site-library	NA
fastmap	1.2.0	/home/phili/.local/lib/R/site-library	NA
fdrtool	1.2.18	/home/phili/R/library	NA
fftw	1.0-9	/home/phili/R/library	NA
fftwtools	0.9-11	/home/phili/.local/lib/R/site-library	NA
fields	17.3	/home/phili/.local/lib/R/site-library	NA
flare	1.8	/home/phili/R/library	NA
fmesher	0.8.0	/home/phili/.local/lib/R/site-library	NA
FNN	1.1.4.1	/home/phili/.local/lib/R/site-library	NA
foghorn	1.6.1	/home/phili/R/library	NA
fontawesome	0.5.3	/home/phili/.local/lib/R/site-library	NA
forcats	1.0.1	/home/phili/R/library	NA
foreach	1.5.2	/home/phili/.local/lib/R/site-library	NA
forecast	9.0.2	/home/phili/.local/lib/R/site-library	NA
foreign	0.8-91	/home/phili/.local/lib/R/site-library	recommended
Formula	1.2-6	/home/phili/.local/lib/R/site-library	NA
fracdiff	1.5-4	/home/phili/.local/lib/R/site-library	NA
FRK	2.3.2	/home/phili/.local/lib/R/site-library	NA
fs	2.1.0	/home/phili/.local/lib/R/site-library	NA
future	1.70.0	/home/phili/R/library	NA
future.apply	1.20.2	/home/phili/R/library	NA
gelnet	1.2.1	/home/phili/R/library	NA
GeneralizedHyperbolic	0.8-7	/home/phili/.local/lib/R/site-library	NA
generics	0.1.4	/home/phili/.local/lib/R/site-library	NA
geojsonsf	2.0.5	/home/phili/.local/lib/R/site-library	NA
geometries	0.2.5	/home/phili/.local/lib/R/site-library	NA
geometry	0.5.2	/home/phili/.local/lib/R/site-library	NA
geoR	1.9-6	/home/phili/R/library	NA
gert	2.3.1	/home/phili/R/library	NA
GGally	2.4.0	/home/phili/R/library	NA
ggnewscale	0.5.2	/home/phili/.local/lib/R/site-library	NA
ggOceanMaps	2.3.0	/home/phili/.local/lib/R/site-library	NA
ggplot2	4.0.3	/home/phili/.local/lib/R/site-library	NA
ggplot2movies	0.0.1	/home/phili/R/library	NA
ggpubr	1.0.0	/home/phili/.local/lib/R/site-library	NA
ggrepel	0.9.8	/home/phili/.local/lib/R/site-library	NA
ggridges	0.5.7	/home/phili/R/library	NA
ggsci	5.2.0	/home/phili/.local/lib/R/site-library	NA
ggsignif	0.6.4	/home/phili/.local/lib/R/site-library	NA
ggstats	0.14.0	/home/phili/R/library	NA
gh	1.6.0	/home/phili/R/library	NA
GIGrvg	0.8	/home/phili/R/library	NA
gitcreds	0.1.2	/home/phili/.local/lib/R/site-library	NA
glasso	1.11	/home/phili/R/library	NA
glmnet	5.0	/home/phili/R/library	NA
globals	0.19.1	/home/phili/R/library	NA
glue	1.8.1	/home/phili/.local/lib/R/site-library	NA
gmp	0.7-5.1	/home/phili/R/library	NA
goftest	1.2-3	/home/phili/.local/lib/R/site-library	NA
GPArotation	2026.8-2	/home/phili/R/library	NA
GpGp	1.0.0	/home/phili/.local/lib/R/site-library	NA
graph	1.90.0	/home/phili/R/library	NA
graphics	4.6.1	/usr/lib/R/library	base
gRbase	2.0.3	/home/phili/R/library	NA
grDevices	4.6.1	/usr/lib/R/library	base
grid	4.6.1	/usr/lib/R/library	base
gridExtra	2.3.1	/home/phili/.local/lib/R/site-library	NA
gsl	2.1-9	/home/phili/R/library	NA
gstat	2.1-6	/home/phili/.local/lib/R/site-library	NA
gt	1.3.0	/home/phili/R/library	NA
gtable	0.3.6	/home/phili/.local/lib/R/site-library	NA
gtools	3.9.5	/home/phili/R/library	NA
hexbin	1.28.5	/home/phili/R/library	NA
highr	0.12	/home/phili/.local/lib/R/site-library	NA
highs	1.14.0-2	/home/phili/R/library	NA
Hmisc	5.3-0	/home/phili/.local/lib/R/site-library	NA
hms	1.1.4	/home/phili/.local/lib/R/site-library	NA
htmlTable	2.5.0	/home/phili/.local/lib/R/site-library	NA
htmltools	0.5.9	/home/phili/.local/lib/R/site-library	NA
htmlwidgets	1.6.4	/home/phili/.local/lib/R/site-library	NA
httpuv	1.6.17	/home/phili/.local/lib/R/site-library	NA
httr	1.4.8	/home/phili/.local/lib/R/site-library	NA
httr2	1.2.2	/home/phili/R/library	NA
huge	2.0.1	/home/phili/R/library	NA
hunspell	3.0.6	/home/phili/R/library	NA
HypergeoMat	4.0.3	/home/phili/R/library	NA
igraph	2.3.3	/home/phili/.local/lib/R/site-library	NA
ini	0.3.1	/home/phili/.local/lib/R/site-library	NA
INLA	25.10.19	/home/phili/.local/lib/R/site-library	NA
inlabru	2.15.0	/home/phili/.local/lib/R/site-library	NA
INLAspacetime	0.1.14	/home/phili/.local/lib/R/site-library	NA
INLAtools	0.1.5	/home/phili/.local/lib/R/site-library	NA
inline	0.3.21	/home/phili/R/library	NA
insight	1.5.3	/home/phili/R/library	NA
intervals	0.15.5	/home/phili/.local/lib/R/site-library	NA
isoband	0.3.0	/home/phili/.local/lib/R/site-library	NA
iterators	1.0.14	/home/phili/.local/lib/R/site-library	NA
jeek	1.1.1	/home/phili/R/library	NA
JGL	2.3.2	/home/phili/R/library	NA
jose	2.0.0	/home/phili/R/library	NA
jpeg	0.1-11	/home/phili/R/library	NA
jquerylib	0.1.4	/home/phili/.local/lib/R/site-library	NA
jsonify	1.2.3	/home/phili/.local/lib/R/site-library	NA
jsonlite	2.0.0	/home/phili/.local/lib/R/site-library	NA
juicyjuice	0.1.0	/home/phili/R/library	NA
JuliaConnectoR	1.1.5	/home/phili/R/library	NA
KernSmooth	2.23-27	/home/phili/.local/lib/R/site-library	recommended
KFAS	1.6.0	/home/phili/.local/lib/R/site-library	NA
knitr	1.52	/home/phili/.local/lib/R/site-library	NA
labeling	0.4.3	/home/phili/.local/lib/R/site-library	NA
languageserver	0.3.18	/home/phili/.local/lib/R/site-library	NA
LaplacesDemon	16.1.8	/home/phili/R/library	NA
later	1.4.8	/home/phili/.local/lib/R/site-library	NA
lattice	0.23-1	/home/phili/.local/lib/R/site-library	recommended
LatticeKrig	9.4.1	/home/phili/.local/lib/R/site-library	NA
lavaan	0.7-2	/home/phili/R/library	NA
lazyeval	0.2.3	/home/phili/.local/lib/R/site-library	NA
leafem	0.2.5	/home/phili/.local/lib/R/site-library	NA
leafgl	0.2.4	/home/phili/.local/lib/R/site-library	NA
leaflegend	1.2.8	/home/phili/.local/lib/R/site-library	NA
leaflet	2.2.3	/home/phili/.local/lib/R/site-library	NA
leaflet.providers	3.0.0	/home/phili/.local/lib/R/site-library	NA
leafpop	0.1.0	/home/phili/R/library	NA
leafsync	0.1.0	/home/phili/.local/lib/R/site-library	NA
LearnBayes	2.15.2	/home/phili/R/library	NA
lifecycle	1.0.5	/home/phili/.local/lib/R/site-library	NA
linprog	0.9-6	/home/phili/.local/lib/R/site-library	NA
lintr	3.4.0	/home/phili/.local/lib/R/site-library	NA
listenv	0.10.1	/home/phili/R/library	NA
litedown	0.11	/home/phili/.local/lib/R/site-library	NA
littler	0.3.23	/usr/lib/R/site-library	NA
lme4	2.0-6	/home/phili/.local/lib/R/site-library	NA
lmtest	0.9-40	/home/phili/.local/lib/R/site-library	NA
logger	0.4.3	/home/phili/.local/lib/R/site-library	NA
logspline	2.1.22	/home/phili/R/library	NA
loo	2.10.1	/home/phili/R/library	NA
lpSolve	5.6.23	/home/phili/.local/lib/R/site-library	NA
lpSolveAPI	5.5.2.0-17.15	/home/phili/R/library	NA
lubridate	1.9.5	/home/phili/.local/lib/R/site-library	NA
lwgeom	0.2-16	/home/phili/.local/lib/R/site-library	NA
magic	1.6-1	/home/phili/.local/lib/R/site-library	NA
magrittr	2.0.5	/home/phili/.local/lib/R/site-library	NA
mapdata	2.3.1	/home/phili/R/library	NA
mapproj	1.2.12	/home/phili/R/library	NA
maps	3.4.3	/home/phili/.local/lib/R/site-library	NA
maptiles	0.11.0	/home/phili/.local/lib/R/site-library	NA
mapview	2.11.4	/home/phili/R/library	NA
marginaleffects	0.32.0	/home/phili/R/library	NA
markdown	2.0	/home/phili/.local/lib/R/site-library	NA
MASS	7.3-66	/usr/lib/R/library	recommended
Matrix	1.7-6	/usr/lib/R/library	recommended
matrixcalc	1.0-6	/home/phili/R/library	NA
MatrixModels	0.5-4	/home/phili/.local/lib/R/site-library	NA
matrixStats	1.5.0	/home/phili/.local/lib/R/site-library	NA
mcmc	0.9-8	/home/phili/R/library	NA
MCMCpack	1.7-1	/home/phili/R/library	NA
memoise	2.0.1	/home/phili/.local/lib/R/site-library	NA
metaBMA	0.6.9	/home/phili/R/library	NA
methods	4.6.1	/usr/lib/R/library	base
MetricGraph	1.6.0	/home/phili/.local/lib/R/site-library	NA
mgcv	1.9-4	/usr/lib/R/library	recommended
mgm	1.2-15	/home/phili/R/library	NA
microbenchmark	1.5.0	/home/phili/.local/lib/R/site-library	NA
micsr	0.1-5	/home/phili/R/library	NA
mime	0.13	/home/phili/.local/lib/R/site-library	NA
miniUI	0.1.2	/home/phili/R/library	NA
minqa	1.2.8	/home/phili/.local/lib/R/site-library	NA
mlogit	2.0-0	/home/phili/R/library	NA
mnormt	2.1.2	/home/phili/.local/lib/R/site-library	NA
modelr	0.1.11	/home/phili/.local/lib/R/site-library	NA
multcomp	1.4-30	/home/phili/R/library	NA
munsell	0.5.1	/home/phili/R/library	NA
mvnfast	0.2.8	/home/phili/R/library	NA
mvtnorm	1.4-2	/home/phili/.local/lib/R/site-library	NA
nanoarrow	0.9.0	/home/phili/.local/lib/R/site-library	NA
network	1.20.0	/home/phili/R/library	NA
ngspatial	1.2-2	/home/phili/R/library	NA
nlme	3.1-171	/home/phili/.local/lib/R/site-library	recommended
nloptr	2.2.1	/home/phili/.local/lib/R/site-library	NA
nnet	7.3-21	/home/phili/.local/lib/R/site-library	recommended
numDeriv	2016.8-1.1	/home/phili/.local/lib/R/site-library	NA
odbc	1.7.0	/home/phili/.local/lib/R/site-library	NA
openssl	2.4.2	/home/phili/.local/lib/R/site-library	NA
optimParallel	1.0-3	/home/phili/.local/lib/R/site-library	NA
osqp	1.0.0	/home/phili/R/library	NA
otel	0.2.0	/home/phili/.local/lib/R/site-library	NA
packrat	0.9.3	/home/phili/R/library	NA
pak	0.11.1	/home/phili/.local/lib/R/site-library	NA
parallel	4.6.1	/usr/lib/R/library	base
parallelly	1.47.0	/home/phili/R/library	NA
patchwork	1.3.2	/home/phili/.local/lib/R/site-library	NA
pbapply	1.7-5	/home/phili/.local/lib/R/site-library	NA
pbivnorm	0.6.0	/home/phili/R/library	NA
pbkrtest	0.5.5	/home/phili/.local/lib/R/site-library	NA
pcaPP	2.0-5	/home/phili/R/library	NA
pillar	1.11.1	/home/phili/.local/lib/R/site-library	NA
pixmap	0.4-14	/home/phili/.local/lib/R/site-library	NA
pkgbuild	1.4.8	/home/phili/.local/lib/R/site-library	NA
pkgconfig	2.0.3	/home/phili/.local/lib/R/site-library	NA
pkgdown	2.2.0	/home/phili/R/library	NA
pkgload	1.5.3	/home/phili/.local/lib/R/site-library	NA
PKI	0.1-15	/home/phili/R/library	NA
plyr	1.8.9	/home/phili/.local/lib/R/site-library	NA
png	0.1-9	/home/phili/.local/lib/R/site-library	NA
polyclip	1.10-7	/home/phili/.local/lib/R/site-library	NA
polynom	1.4-1	/home/phili/.local/lib/R/site-library	NA
pool	1.0.5	/home/phili/.local/lib/R/site-library	NA
posterior	1.7.0	/home/phili/R/library	NA
pracma	2.4.6	/home/phili/.local/lib/R/site-library	NA
praise	1.0.0	/home/phili/.local/lib/R/site-library	NA
prettyunits	1.2.0	/home/phili/.local/lib/R/site-library	NA
pROC	1.19.0.1	/home/phili/.local/lib/R/site-library	NA
processx	3.9.0	/home/phili/.local/lib/R/site-library	NA
profvis	0.4.0	/home/phili/R/library	NA
progress	1.2.3	/home/phili/.local/lib/R/site-library	NA
promises	1.5.0	/home/phili/.local/lib/R/site-library	NA
proxy	0.4-29	/home/phili/.local/lib/R/site-library	NA
ps	1.9.3	/home/phili/.local/lib/R/site-library	NA
psych	2.6.5	/home/phili/R/library	NA
purrr	1.2.2	/home/phili/.local/lib/R/site-library	NA
qgraph	1.10.1	/home/phili/R/library	NA
QRM	0.4-35	/home/phili/R/library	NA
quadprog	1.5-8	/home/phili/R/library	NA
quantreg	6.1	/home/phili/.local/lib/R/site-library	NA
quarto	1.5.1	/home/phili/R/library	NA
QuickJSR	1.11.0	/home/phili/R/library	NA
R.cache	0.17.0	/home/phili/.local/lib/R/site-library	NA
R.methodsS3	1.8.2	/home/phili/.local/lib/R/site-library	NA
R.oo	1.27.1	/home/phili/.local/lib/R/site-library	NA
R.utils	2.13.0	/home/phili/.local/lib/R/site-library	NA
R6	2.6.1	/home/phili/.local/lib/R/site-library	NA
ragg	1.5.2	/home/phili/R/library	NA
rags2ridges	2.2.9	/home/phili/R/library	NA
RANN	2.6.3	/home/phili/.local/lib/R/site-library	NA
rapidjsonr	1.2.1	/home/phili/.local/lib/R/site-library	NA
RApiSerialize	0.1.4	/home/phili/R/library	NA
rappdirs	0.3.4	/home/phili/.local/lib/R/site-library	NA
raster	3.6-32	/home/phili/.local/lib/R/site-library	NA
RBGL	1.88.0	/home/phili/R/library	NA
rbibutils	2.4.1	/home/phili/.local/lib/R/site-library	NA
rcmdcheck	1.4.0	/home/phili/.local/lib/R/site-library	NA
RColorBrewer	1.1-3	/home/phili/.local/lib/R/site-library	NA
Rcpp	1.1.2	/home/phili/.local/lib/R/site-library	NA
RcppArmadillo	15.4.2-1	/home/phili/.local/lib/R/site-library	NA
RcppDist	0.1.1.1	/home/phili/R/library	NA
RcppEigen	0.3.4.0.2	/home/phili/.local/lib/R/site-library	NA
RcppParallel	6.2.0	/home/phili/R/library	NA
RcppProgress	0.4.2	/home/phili/.local/lib/R/site-library	NA
RcppTOML	0.2.3	/home/phili/R/library	NA
Rdpack	2.6.6	/home/phili/.local/lib/R/site-library	NA
rdtools	0.1.0	/home/phili/.local/lib/R/site-library	NA
reactable	0.4.5	/home/phili/R/library	NA
reactR	0.6.1	/home/phili/R/library	NA
reformulas	0.4.4	/home/phili/.local/lib/R/site-library	NA
remotes	2.5.0	/home/phili/R/library	NA
renv	1.2.3	/home/phili/R/library	NA
reshape	0.8.10	/home/phili/R/library	NA
reshape2	1.4.5	/home/phili/.local/lib/R/site-library	NA
rex	1.2.2	/home/phili/.local/lib/R/site-library	NA
rgl	1.3.36	/home/phili/.local/lib/R/site-library	NA
Rglpk	0.6-5.1	/home/phili/R/library	NA
rlang	1.3.0	/home/phili/.local/lib/R/site-library	NA
rle	0.10.0	/home/phili/R/library	NA
rmarkdown	2.32	/home/phili/.local/lib/R/site-library	NA
rnaturalearth	1.2.0	/home/phili/.local/lib/R/site-library	NA
rnaturalearthdata	1.0.0	/home/phili/.local/lib/R/site-library	NA
robustbase	0.99-7	/home/phili/.local/lib/R/site-library	NA
roxygen2	8.1.0	/home/phili/.local/lib/R/site-library	NA
rpart	4.1.27	/home/phili/.local/lib/R/site-library	recommended
RPostgres	1.4.10	/home/phili/.local/lib/R/site-library	NA
RPostgreSQL	0.7-8	/home/phili/.local/lib/R/site-library	NA
rprojroot	2.1.1	/home/phili/.local/lib/R/site-library	NA
rsconnect	1.8.0	/home/phili/R/library	NA
rSPDE	2.6.0	/home/phili/.local/lib/R/site-library	NA
RSpectra	0.16-2	/home/phili/.local/lib/R/site-library	NA
RSQLite	3.53.1	/home/phili/.local/lib/R/site-library	NA
rstan	2.32.7	/home/phili/R/library	NA
rstantools	2.7.1	/home/phili/R/library	NA
rstatix	1.1.0	/home/phili/.local/lib/R/site-library	NA
rstudioapi	0.19.0	/home/phili/.local/lib/R/site-library	NA
rticles	0.27	/home/phili/R/library	NA
rversions	3.0.0	/home/phili/.local/lib/R/site-library	NA
rvest	1.0.5	/home/phili/R/library	NA
s2	1.1.12	/home/phili/.local/lib/R/site-library	NA
S7	0.2.2	/home/phili/.local/lib/R/site-library	NA
sandwich	3.1-1	/home/phili/R/library	NA
sass	0.4.10	/home/phili/.local/lib/R/site-library	NA
satellite	1.0.6	/home/phili/.local/lib/R/site-library	NA
scales	1.4.0	/home/phili/.local/lib/R/site-library	NA
scs	3.2.7	/home/phili/R/library	NA
selectr	0.5-1	/home/phili/R/library	NA
servr	0.32	/home/phili/.local/lib/R/site-library	NA
sessioninfo	1.2.4	/home/phili/.local/lib/R/site-library	NA
sf	1.1-2	/home/phili/.local/lib/R/site-library	NA
sfheaders	0.4.5	/home/phili/.local/lib/R/site-library	NA
sfsmisc	1.1-25	/home/phili/R/library	NA
sftime	0.3.2	/home/phili/.local/lib/R/site-library	NA
shape	1.4.6.1	/home/phili/R/library	NA
shiny	1.13.0	/home/phili/R/library	NA
SILGGM	1.0.0	/home/phili/R/library	NA
slam	0.1-56	/home/phili/R/library	NA
sm	2.2-6.0	/home/phili/R/library	NA
smoothr	1.3.0	/home/phili/.local/lib/R/site-library	NA
sn	2.1.3	/home/phili/.local/lib/R/site-library	NA
sna	2.8	/home/phili/R/library	NA
snow	0.4-4	/home/phili/R/library	NA
snowfall	1.84-6.3	/home/phili/R/library	NA
snowflakeauth	0.2.2	/home/phili/R/library	NA
sourcetools	0.1.7-2	/home/phili/.local/lib/R/site-library	NA
sp	2.2-3	/home/phili/.local/lib/R/site-library	NA
spacesXYZ	1.6-0	/home/phili/.local/lib/R/site-library	NA
spacetime	1.3-4	/home/phili/.local/lib/R/site-library	NA
spam	2.11-4	/home/phili/.local/lib/R/site-library	NA
spam64	2.11-4	/home/phili/.local/lib/R/site-library	NA
sparseinv	0.1.4	/home/phili/.local/lib/R/site-library	NA
SparseM	1.84-2	/home/phili/.local/lib/R/site-library	NA
spatial	7.3-19	/home/phili/.local/lib/R/site-library	recommended
spatialreg	1.4-3	/home/phili/R/library	NA
spatstat	3.6-1	/home/phili/.local/lib/R/site-library	NA
spatstat.data	3.1-9	/home/phili/.local/lib/R/site-library	NA
spatstat.explore	3.8-1	/home/phili/.local/lib/R/site-library	NA
spatstat.geom	3.8-1	/home/phili/.local/lib/R/site-library	NA
spatstat.linnet	3.5-1	/home/phili/.local/lib/R/site-library	NA
spatstat.model	3.7-1	/home/phili/.local/lib/R/site-library	NA
spatstat.random	3.5-0	/home/phili/.local/lib/R/site-library	NA
spatstat.sparse	3.2-0	/home/phili/.local/lib/R/site-library	NA
spatstat.univar	3.2-0	/home/phili/.local/lib/R/site-library	NA
spatstat.utils	3.2-4	/home/phili/.local/lib/R/site-library	NA
spData	2.3.5	/home/phili/.local/lib/R/site-library	NA
spdep	1.4-2	/home/phili/.local/lib/R/site-library	NA
spectralGP	1.3.4	/home/phili/.local/lib/R/site-library	NA
spelling	2.3.2	/home/phili/R/library	NA
splancs	2.01-45	/home/phili/.local/lib/R/site-library	NA
splines	4.6.1	/usr/lib/R/library	base
ssgraph	1.16	/home/phili/R/library	NA
stabs	0.7-1	/home/phili/R/library	NA
StanHeaders	2.39.1	/home/phili/R/library	NA
stars	0.7-3	/home/phili/.local/lib/R/site-library	NA
statmod	1.5.2	/home/phili/.local/lib/R/site-library	NA
statnet.common	4.13.0	/home/phili/R/library	NA
stats	4.6.1	/usr/lib/R/library	base
stats4	4.6.1	/usr/lib/R/library	base
stringdist	0.9.17	/home/phili/.local/lib/R/site-library	NA
stringfish	0.19.2	/home/phili/R/library	NA
stringi	1.8.9	/home/phili/.local/lib/R/site-library	NA
stringr	1.6.0	/home/phili/.local/lib/R/site-library	NA
styler	1.11.0	/home/phili/.local/lib/R/site-library	NA
survival	3.8-11	/home/phili/.local/lib/R/site-library	recommended
svglite	2.2.2	/home/phili/R/library	NA
sys	3.4.3	/home/phili/.local/lib/R/site-library	NA
systemfonts	1.3.2	/home/phili/.local/lib/R/site-library	NA
tcltk	4.6.1	/usr/lib/R/library	base
tensor	1.5.1	/home/phili/.local/lib/R/site-library	NA
tensorA	0.36.2.1	/home/phili/.local/lib/R/site-library	NA
terra	1.9-46	/home/phili/.local/lib/R/site-library	NA
testthat	3.3.2	/home/phili/.local/lib/R/site-library	NA
textshaping	1.0.5	/home/phili/.local/lib/R/site-library	NA
TH.data	1.1-5	/home/phili/R/library	NA
tibble	3.3.1	/home/phili/.local/lib/R/site-library	NA
tidyr	1.3.2	/home/phili/.local/lib/R/site-library	NA
tidyselect	1.2.1	/home/phili/.local/lib/R/site-library	NA
tidyterra	1.1.0	/home/phili/.local/lib/R/site-library	NA
timechange	0.4.0	/home/phili/.local/lib/R/site-library	NA
timeDate	4052.112	/home/phili/.local/lib/R/site-library	NA
timeSeries	4052.112	/home/phili/R/library	NA
tinytex	0.60	/home/phili/.local/lib/R/site-library	NA
tmap	4.3	/home/phili/.local/lib/R/site-library	NA
tmaptools	3.3	/home/phili/.local/lib/R/site-library	NA
TMB	1.9.25	/home/phili/.local/lib/R/site-library	NA
tools	4.6.1	/usr/lib/R/library	base
truncdist	1.0-2	/home/phili/R/library	NA
truncnorm	1.0-9	/home/phili/R/library	NA
trust	0.1-9	/home/phili/R/library	NA
tzdb	0.5.0	/home/phili/.local/lib/R/site-library	NA
units	1.0-1	/home/phili/.local/lib/R/site-library	NA
urca	1.3-4	/home/phili/.local/lib/R/site-library	NA
urlchecker	2.0.0	/home/phili/.local/lib/R/site-library	NA
usethis	3.2.1	/home/phili/R/library	NA
utf8	1.2.6	/home/phili/.local/lib/R/site-library	NA
utils	4.6.1	/usr/lib/R/library	base
uuid	1.2-2	/home/phili/.local/lib/R/site-library	NA
vctrs	0.7.3	/home/phili/.local/lib/R/site-library	NA
vdiffr	1.0.9	/home/phili/R/library	NA
verification	1.45	/home/phili/R/library	NA
viridis	0.6.5	/home/phili/.local/lib/R/site-library	NA
viridisLite	0.4.3	/home/phili/.local/lib/R/site-library	NA
waldo	0.6.2	/home/phili/.local/lib/R/site-library	NA
whisker	0.4.1	/home/phili/.local/lib/R/site-library	NA
withr	3.0.3	/home/phili/.local/lib/R/site-library	NA
wk	0.9.5	/home/phili/.local/lib/R/site-library	NA
xfun	0.60	/home/phili/.local/lib/R/site-library	NA
XML	3.99-0.24	/home/phili/.local/lib/R/site-library	NA
xml2	1.6.0	/home/phili/.local/lib/R/site-library	NA
xmlparsedata	1.0.5	/home/phili/.local/lib/R/site-library	NA
XMRF	1.0	/home/phili/R/library	NA
xopen	1.0.1	/home/phili/.local/lib/R/site-library	NA
xtable	1.8-8	/home/phili/.local/lib/R/site-library	NA
xts	0.14.2	/home/phili/.local/lib/R/site-library	NA
yaml	2.3.12	/home/phili/.local/lib/R/site-library	NA
yyjsonr	0.1.22	/home/phili/.local/lib/R/site-library	NA
zip	3.0.2	/home/phili/.local/lib/R/site-library	NA
zoo	1.9-0	/home/phili/.local/lib/R/site-library	NA
