Order	Package	BeforeVersion	Version	URL	SHA256
1	Rcpp	1.1.1-1.1	1.1.2	https://stat.ethz.ch/CRAN/src/contrib/Rcpp_1.1.2.tar.gz	2746cf2fb188e5f0a84dbf5c8f68915b54564ed33e5754572f174e7b32e7f4f3
2	RcppArmadillo	15.2.7-1	15.4.2-1	https://stat.ethz.ch/CRAN/src/contrib/RcppArmadillo_15.4.2-1.tar.gz	141c8da25f1e8ff1771b0a1b68d65fbdd821b6061cdd9504ff446ee65f70b801
3	expm	-	1.0-1	https://stat.ethz.ch/CRAN/src/contrib/expm_1.0-1.tar.gz	2ebd117ac56b4581f3624c7f796af6460e71c655a7b3102b0d51de1e01534e4e
4	pracma	-	2.4.6	https://stat.ethz.ch/CRAN/src/contrib/pracma_2.4.6.tar.gz	1857b831ec7da6eb651574ccdb12e1baef4c7150cbdc6380cf9fd70e60ae4552
5	BH	-	1.90.0-1	https://stat.ethz.ch/CRAN/src/contrib/BH_1.90.0-1.tar.gz	2e1fafb05938e81073561ae4892dc543ef15807e375e0ea8fa75e3ab79f0281b
6	DEoptimR	-	1.2-1	https://stat.ethz.ch/CRAN/src/contrib/DEoptimR_1.2-1.tar.gz	18540c8717c7607c0e6979b1c4e7e90d74174c1d69ed6cde595f7a764f15a2a2
7	Deriv	4.2.0	4.3.5	https://stat.ethz.ch/CRAN/src/contrib/Deriv_4.3.5.tar.gz	8a6285275e988bfe060ef62dd2e3b677f2b23934e575e59461e2499e3e66f0cd
8	Ecdat	-	0.4.7	https://stat.ethz.ch/CRAN/src/contrib/Ecdat_0.4.7.tar.gz	cd61f4de6196b74ff0c42ce8b9a6f29a90515279e4c3a686e3aa0c5913210bcc
9	FNN	-	1.1.4.1	https://stat.ethz.ch/CRAN/src/contrib/FNN_1.1.4.1.tar.gz	73d97487fd3eac8ae90f32fd439f1689b1923b5688d83fd57fd2faeea70cb854
10	Formula	1.2-5	1.2-6	https://stat.ethz.ch/CRAN/src/contrib/Formula_1.2-6.tar.gz	7e611ac371c045e100a6205d92fe5104001942673798f970290fea12e33bfd37
11	GpGp	-	1.0.0	https://stat.ethz.ch/CRAN/src/contrib/GpGp_1.0.0.tar.gz	bc9a6e351477fdb3082c178be18911e85eb44b71f923b452275fe583491fccb9
12	INLAtools	0.1.4	0.1.5	https://stat.ethz.ch/CRAN/src/contrib/INLAtools_0.1.5.tar.gz	9d11b80a3275b012aae91db92890afedc9ae721d8d04d24bc07a32aea354215e
13	KFAS	-	1.6.0	https://stat.ethz.ch/CRAN/src/contrib/KFAS_1.6.0.tar.gz	48268eb44fd548cacd93bdb16473d0869e4b87947b6c582c0fd8118bacf1e987
14	KernSmooth	2.23-26	2.23-27	https://stat.ethz.ch/CRAN/src/contrib/KernSmooth_2.23-27.tar.gz	d501066a63959bee97d1ce7c556cb90862b3261fa6fc1c3cf8e5b2cdea2cc70d
15	RANN	2.6.2	2.6.3	https://stat.ethz.ch/CRAN/src/contrib/RANN_2.6.3.tar.gz	df64fe85e4ea0431bd10a33807dca1294d665aef7d5d27ed71527ab7c6ca4b65
16	TMB	-	1.9.25	https://stat.ethz.ch/CRAN/src/contrib/TMB_1.9.25.tar.gz	cf9663b29949cd5eaccb32e11900c9e07caec7d6ac4f17cfd938317dc33acff2
17	XML	3.99-0.23	3.99-0.24	https://stat.ethz.ch/CRAN/src/contrib/XML_3.99-0.24.tar.gz	45325462fb067e99792700124322cbe10ba5f97936d54d0fb28c7dd0cb1e241d
18	bit64	4.8.2	4.8.6	https://stat.ethz.ch/CRAN/src/contrib/bit64_4.8.6.tar.gz	a5fcec17ba772a561a7375ca8fd966bdd5f20dd4e89b4dae07d7da933d554b45
19	callr	3.7.6	3.8.0	https://stat.ethz.ch/CRAN/src/contrib/callr_3.8.0.tar.gz	a16b50e41ddbbf2bac236572e3e68c4ef9c76b88faf5cf840c79524c49000b06
20	checkmate	-	2.3.4	https://stat.ethz.ch/CRAN/src/contrib/checkmate_2.3.4.tar.gz	95e1068dee07d95c5e616dfd66e622cf245821acd358a77e790118c34ebd85ca
21	class	7.3-23	7.3-24	https://stat.ethz.ch/CRAN/src/contrib/class_7.3-24.tar.gz	e8c66e57e3f4214ced6fff135a0d9b55f7bd7d6c947b219063de57b275c507e1
22	clipr	-	0.8.1	https://stat.ethz.ch/CRAN/src/contrib/clipr_0.8.1.tar.gz	06e87a9c387da33f4ce8de91d037c090b924689b5ff487d3c0c7506bd4c3f1b6
23	cluster	2.1.8.2	2.1.8.3	https://stat.ethz.ch/CRAN/src/contrib/cluster_2.1.8.3.tar.gz	e240bebe2aa85f9d9f674cd7addc3dc9023f9e4c3f462eca94e582e22a5ce2e9
24	colorspace	2.1-2	2.1-3	https://stat.ethz.ch/CRAN/src/contrib/colorspace_2.1-3.tar.gz	47858800f9eed08cbcdbadba104b6502219c6f25f339c611161b374704cd03cc
25	curl	7.1.0	8.0.0	https://stat.ethz.ch/CRAN/src/contrib/curl_8.0.0.tar.gz	5d13befc0a90eba33cfda617d7b4e0b2a271962f397256f87328c37a3abc6717
26	data.table	1.18.4	1.18.6.1	https://stat.ethz.ch/CRAN/src/contrib/data.table_1.18.6.1.tar.gz	f2846f45fbbdfe886f05fa7489314a56ae0f3352ae5bc1070b0cdd4f44ffa1f5
27	dfidx	-	0.2-0	https://stat.ethz.ch/CRAN/src/contrib/dfidx_0.2-0.tar.gz	65ba5e54515154a77410b65788f7e741bb706812d21acf2b20411c7d0e645ae0
28	diffobj	0.3.6	0.3.8	https://stat.ethz.ch/CRAN/src/contrib/diffobj_0.3.8.tar.gz	a41f93e19a5029e2eab5f2b5df10a22818ad11fa24d822a323f8e1cf7ec081d6
29	dotCall64	-	1.2	https://stat.ethz.ch/CRAN/src/contrib/dotCall64_1.2.tar.gz	aad6ab571f30d4d191a9454cee278d57b478fb49d3f7b190593f317a0e4408aa
30	evd	-	2.3-7.1	https://stat.ethz.ch/CRAN/src/contrib/evd_2.3-7.1.tar.gz	1ad134cc33b53d1240d0fdec771dbfb1dd29e329ca535c2a9f03cb35b0681b78
31	fansi	-	1.0.7	https://stat.ethz.ch/CRAN/src/contrib/fansi_1.0.7.tar.gz	32a43f073aeb5c1d31c804014b95c2cb644bb4132119fcea313838b7ea4eb792
32	fastGHQuad	-	1.0.1	https://stat.ethz.ch/CRAN/src/contrib/fastGHQuad_1.0.1.tar.gz	5cdc491b59176a628d9e814bde63e65d8ef947dce9df36ea28e2916e97b647fe
33	fftwtools	-	0.9-11	https://stat.ethz.ch/CRAN/src/contrib/fftwtools_0.9-11.tar.gz	f1f0c9a9086c7b2f72c5fb0334717cc917213a004eaef8448eab4940c9852c7f
34	gitcreds	-	0.1.2	https://stat.ethz.ch/CRAN/src/contrib/gitcreds_0.1.2.tar.gz	41c6abcca5635062b123ffb5af2794770eca5ebd97b05c5a64b24fa1c803c75d
35	gridExtra	2.3	2.3.1	https://stat.ethz.ch/CRAN/src/contrib/gridExtra_2.3.1.tar.gz	de42e501ac2c6a70bd0ffc18d7703e9b0e6b878c610df09756183c3e52445c82
36	ini	-	0.3.1	https://stat.ethz.ch/CRAN/src/contrib/ini_0.3.1.tar.gz	7b191a54019c8c52d6c2211c14878c95564154ec4865f57007953742868cd813
37	intervals	-	0.15.5	https://stat.ethz.ch/CRAN/src/contrib/intervals_0.15.5.tar.gz	11907be2c47ee4f6359055113dc0dab9ba2c35fbc743c2d52fd1ba1006c7ce5c
38	lattice	0.22-9	0.23-1	https://stat.ethz.ch/CRAN/src/contrib/lattice_0.23-1.tar.gz	34e9b2fc023582c4246959b543c331233c62118efd922bcc1ba72b4888adc590
39	coda	-	0.19-4.1	https://stat.ethz.ch/CRAN/src/contrib/coda_0.19-4.1.tar.gz	f4b451d86fbb56ff9ade043ddd6b0944368c37d0dad12d02837750ecdc708ad6
40	logger	0.4.2	0.4.3	https://stat.ethz.ch/CRAN/src/contrib/logger_0.4.3.tar.gz	30e588759d5d332cd0dd73be762475deaafae1e341424d0b4ad207b9d77259e3
41	matrixStats	-	1.5.0	https://stat.ethz.ch/CRAN/src/contrib/matrixStats_1.5.0.tar.gz	12996c5f3e6fc202a43e1087f16a71b7fa93d7e908f512542c7ee89cf95dcc15
42	mvtnorm	-	1.4-2	https://stat.ethz.ch/CRAN/src/contrib/mvtnorm_1.4-2.tar.gz	466302a08c9306d11384d85bf677893e4794541bde2991409be54e1f7b304b6e
43	nanoarrow	0.8.0	0.9.0	https://stat.ethz.ch/CRAN/src/contrib/nanoarrow_0.9.0.tar.gz	c3b6bff407f0bd57f74991ca88460723e1aacc06747ff6f1eff2fc07a6771a55
44	nlme	3.1-169	3.1-171	https://stat.ethz.ch/CRAN/src/contrib/nlme_3.1-171.tar.gz	481dc8277dd0e0f2717ffb36edfb08141621470de173894fb1153464383ba0d3
45	lme4	2.0-1	2.0-6	https://stat.ethz.ch/CRAN/src/contrib/lme4_2.0-6.tar.gz	3e503bc10626ad62804c80a82237147b1296d93c18d88946554c29075af917f7
46	nnet	7.3-20	7.3-21	https://stat.ethz.ch/CRAN/src/contrib/nnet_7.3-21.tar.gz	c3914e2b8fd2cc2df7afb60cfa106070fc43cd5b60f877f3790303fc6513895b
47	car	-	3.1-5	https://stat.ethz.ch/CRAN/src/contrib/car_3.1-5.tar.gz	27ab23cff7c5c123ffe8a2475b5a3b4d778414a28dde0a59d5cfbbefa08c99fb
48	openssl	2.4.1	2.4.2	https://stat.ethz.ch/CRAN/src/contrib/openssl_2.4.2.tar.gz	1fc030ad0a008472eac7f086666a7623bdbe6d27c5fdb07b5510f56545d2f4e7
49	optimParallel	1.0-2	1.0-3	https://stat.ethz.ch/CRAN/src/contrib/optimParallel_1.0-3.tar.gz	1c23d8edcba7f10043112acd72be788fbaa44cfedd1b02f85b29b544814d426c
50	pak	-	0.11.1	https://stat.ethz.ch/CRAN/src/contrib/pak_0.11.1.tar.gz	762ec8acc2d2ccbe5a217859c846c2de83254e3948112b437dde7a0ad5b15999
51	pbapply	1.7-4	1.7-5	https://stat.ethz.ch/CRAN/src/contrib/pbapply_1.7-5.tar.gz	1a6473e93da0f891e8dd6d967a7a93fa9a680a6f77d08f41502e8110b5ca9c68
52	pixmap	-	0.4-14	https://stat.ethz.ch/CRAN/src/contrib/pixmap_0.4-14.tar.gz	26710c931f95b89b66b50e3ee1c4b6e1ba383b8067f80b3d7de2f0d58cb9fa9e
53	prettyunits	-	1.2.0	https://stat.ethz.ch/CRAN/src/contrib/prettyunits_1.2.0.tar.gz	f059f27e2a5c82e351fe05b87ad712f7afc273c651450453f59d99af5deeacea
54	progress	-	1.2.3	https://stat.ethz.ch/CRAN/src/contrib/progress_1.2.3.tar.gz	ea2b079b894de85c3ab12088c9c52aec06432245047a961d5b4b8aa6889f9276
55	rdtools	-	0.1.0	https://stat.ethz.ch/CRAN/src/contrib/rdtools_0.1.0.tar.gz	90fdaef0c78ad322ca76f4b401c68b4028c2437cd51a1b6ccbf411d9c66c094b
56	reshape2	-	1.4.5	https://stat.ethz.ch/CRAN/src/contrib/reshape2_1.4.5.tar.gz	0ead5acd0153e5073b3c24e8e782982a4eab3aaa768ba17700d796fb13b68cef
57	rlang	1.2.0	1.3.0	https://stat.ethz.ch/CRAN/src/contrib/rlang_1.3.0.tar.gz	80aa537d49e72265f443a15e8936128af583caa5e572086518b503cbf064279c
58	bslib	0.11.0	0.12.0	https://stat.ethz.ch/CRAN/src/contrib/bslib_0.12.0.tar.gz	26fc11793dc1fdccd6d8d2fc1d638c29c47aa0c2e5cbadc6a35af3819f5446d1
59	doBy	4.7.1	4.7.2	https://stat.ethz.ch/CRAN/src/contrib/doBy_4.7.2.tar.gz	9d4b2c4dca86b9e54f5c3778f6af93485334cd4b4f6105ac69e5d55579af7b7f
60	ellipsis	-	0.3.3	https://stat.ethz.ch/CRAN/src/contrib/ellipsis_0.3.3.tar.gz	da1782bce5c1baf1cf8c69877078db51fabf2693a393b55ff044fd2e32966873
61	ggsci	5.0.0	5.2.0	https://stat.ethz.ch/CRAN/src/contrib/ggsci_5.2.0.tar.gz	2c52a8059c057eea204fa479094973450c8fa0f3d6d6fc051ad546ec41559c46
62	igraph	2.3.2	2.3.3	https://stat.ethz.ch/CRAN/src/contrib/igraph_2.3.3.tar.gz	942522d815eb1de840d5cdc60745dab8f815398cda279dd4bd98444b0c07a699
63	pkgload	1.5.2	1.5.3	https://stat.ethz.ch/CRAN/src/contrib/pkgload_1.5.3.tar.gz	5e539f91ca36b8ed80933101baf2a57462b9342c68556f5d4dcb86c01639df28
64	robustbase	-	0.99-7	https://stat.ethz.ch/CRAN/src/contrib/robustbase_0.99-7.tar.gz	9f5d19d1bcace8c9edc3c96fa5b9a7fdff7566528d0b68422ca6a92e7c588cfd
65	rstatix	-	1.1.0	https://stat.ethz.ch/CRAN/src/contrib/rstatix_1.1.0.tar.gz	b71a99d3cebdcf9acb96b2ce97bee12df618c7e1875aabb7851f3fc8e0b5dd19
66	ggpubr	-	1.0.0	https://stat.ethz.ch/CRAN/src/contrib/ggpubr_1.0.0.tar.gz	bb7f9c2d87328f9ce73f485dc7d77b56b567b8431513b531b2c1e9d090b4c589
67	rstudioapi	-	0.19.0	https://stat.ethz.ch/CRAN/src/contrib/rstudioapi_0.19.0.tar.gz	f1e3bb445a90aadc07b043493022d120493eba7ff30c0b3055442d8b77d8069a
68	rversions	-	3.0.0	https://stat.ethz.ch/CRAN/src/contrib/rversions_3.0.0.tar.gz	da80259d5feb5701db24a8507b36f38ba9fd01e3b460e45edc378cb6930933e1
69	s2	1.1.11	1.1.12	https://stat.ethz.ch/CRAN/src/contrib/s2_1.1.12.tar.gz	ec3cebd5f9dcacf7398a0b7a3c1e41d57f9cacfb1c6503b0e6acf19fcfa5c41e
70	sessioninfo	-	1.2.4	https://stat.ethz.ch/CRAN/src/contrib/sessioninfo_1.2.4.tar.gz	fe855e84941126c272d5a0ae39b14f1c92d7076550d7be627389d452b7d61bd4
71	sf	1.1-1	1.1-2	https://stat.ethz.ch/CRAN/src/contrib/sf_1.1-2.tar.gz	d981586c9999173a1087ab90dd93c1972cc36edae5d0d0a7cd3f4aec2838855b
72	sftime	-	0.3.2	https://stat.ethz.ch/CRAN/src/contrib/sftime_0.3.2.tar.gz	5638d00fd4e54ef765e0cfc6c984a0b3b5d5cda74153258af91e350d1dbd9f4d
73	sourcetools	-	0.1.7-2	https://stat.ethz.ch/CRAN/src/contrib/sourcetools_0.1.7-2.tar.gz	07e584b780d7fcdfa5b527214361fface49350ab49cf901bd3d5c15950e4f1a7
74	sp	2.2-1	2.2-3	https://stat.ethz.ch/CRAN/src/contrib/sp_2.2-3.tar.gz	a238205229d60340df0911ad13b23d5f7e504c84f8b2917130d8f97c4c8523f5
75	spam	-	2.11-4	https://stat.ethz.ch/CRAN/src/contrib/spam_2.11-4.tar.gz	e206414c4220f0716fdc49654a3b450483920a5046f840f97452e1d93a689886
76	fields	-	17.3	https://stat.ethz.ch/CRAN/src/contrib/fields_17.3.tar.gz	1d3a9cd6e119ecbfe422ba788dca3b62bfb890d1af945f6bfff3cf2fcc29d9b3
77	spam64	-	2.11-4	https://stat.ethz.ch/CRAN/src/contrib/spam64_2.11-4.tar.gz	83c98b35bad1c05b46fbfb513b2078cc3e80a66103a831c872d3bf8d7d60f032
78	LatticeKrig	-	9.4.1	https://stat.ethz.ch/CRAN/src/contrib/LatticeKrig_9.4.1.tar.gz	27e221d22eacfd9d9b0036a40e0ab32f6607805198d2db090283f0d72674c77d
79	sparseinv	-	0.1.4	https://stat.ethz.ch/CRAN/src/contrib/sparseinv_0.1.4.tar.gz	67b8d832b2ead2d1eac3cf3f834cac99073810e81bf24b162dc799293695f1a3
80	spatial	7.3-18	7.3-19	https://stat.ethz.ch/CRAN/src/contrib/spatial_7.3-19.tar.gz	6d9d26a64709d7da453ba3b31df8c9e9dbee64fd1b3097e45d1509ad26a9b9dc
81	spatstat.utils	3.2-3	3.2-4	https://stat.ethz.ch/CRAN/src/contrib/spatstat.utils_3.2-4.tar.gz	66c4ef985e35b719774b2ac57a84706a09ff56e6a6644bfb04620abe85fcf1dd
82	spectralGP	-	1.3.4	https://stat.ethz.ch/CRAN/src/contrib/spectralGP_1.3.4.tar.gz	cab0a0d04f15df4e30f30f060f955013b96f183f75a976294f91a2af7a53d033
83	stars	0.7-2	0.7-3	https://stat.ethz.ch/CRAN/src/contrib/stars_0.7-3.tar.gz	a691605aec9fcdb7d05c2db64c0d4f48fa608702388f2310888d595b7dfe1f19
84	statmod	-	1.5.2	https://stat.ethz.ch/CRAN/src/contrib/statmod_1.5.2.tar.gz	5f83d82043c5e26f1048fc0139580da1b7e40becf95fb4cb26ed3afcd46a581d
85	stringi	1.8.7	1.8.9	https://stat.ethz.ch/CRAN/src/contrib/stringi_1.8.9.tar.gz	427fcebd281d7ea850becce75e0807576dd394a723a814b2d487419b93275a33
86	survival	3.8-6	3.8-11	https://stat.ethz.ch/CRAN/src/contrib/survival_3.8-11.tar.gz	4a87aea323d477e142c36601509f3771f150b441df6db75537ea1777e6546888
87	systemfonts	-	1.3.2	https://stat.ethz.ch/CRAN/src/contrib/systemfonts_1.3.2.tar.gz	828a1780e540bd05107cd0a1ddfac6727de8aef1d6d82b43591dabaf753dd135
88	tensorA	-	0.36.2.1	https://stat.ethz.ch/CRAN/src/contrib/tensorA_0.36.2.1.tar.gz	06588261fe7dff6a8edafe2b9d436b39a3b46c754f2ed327ae6322561a617db7
89	terra	1.9-27	1.9-46	https://stat.ethz.ch/CRAN/src/contrib/terra_1.9-46.tar.gz	afee05449f42c232b258b471531943be51b9097a010fa17d61492bf23f23fbc9
90	textshaping	-	1.0.5	https://stat.ethz.ch/CRAN/src/contrib/textshaping_1.0.5.tar.gz	12209d5535884b8b49bb56de10996cd797f806f44c691eefae2e8eb9786443dd
91	tzdb	-	0.5.0	https://stat.ethz.ch/CRAN/src/contrib/tzdb_0.5.0.tar.gz	380d5237dbfa722fddb7d1d9ad8520a2b26331dbbb77d51850ded332fcf347db
92	whisker	-	0.4.1	https://stat.ethz.ch/CRAN/src/contrib/whisker_0.4.1.tar.gz	bf5151494508032f68ac41e211bda80da9087c65c7068ffdd12f16669bf1f2bc
93	withr	3.0.2	3.0.3	https://stat.ethz.ch/CRAN/src/contrib/withr_3.0.3.tar.gz	d86c6454164fc85678bfc85e2a6cce42f7461d45fa9a87de71f376e7956c991e
94	fmesher	0.7.0	0.8.0	https://stat.ethz.ch/CRAN/src/contrib/fmesher_0.8.0.tar.gz	d98e310760a19d1ffd92cedce0460a45cfc3d5d228991d07b0a7627a7b81995c
95	inlabru	2.14.1	2.15.0	https://stat.ethz.ch/CRAN/src/contrib/inlabru_2.15.0.tar.gz	488deb69484a668a38325f3dd9c608d466e280f5479f641c3e387d440b68da13
96	rSPDE	2.5.2	2.6.0	https://stat.ethz.ch/CRAN/src/contrib/rSPDE_2.6.0.tar.gz	d705406dc30ab46e6dc20f0f5566c747ba65fdf816d5ec230671ed1ea96991e9
97	xfun	0.57	0.60	https://stat.ethz.ch/CRAN/src/contrib/xfun_0.60.tar.gz	6f5d4fe2067bade6d7b33916f86d756a017c068296c885a6e22c30b557b84597
98	knitr	1.51	1.52	https://stat.ethz.ch/CRAN/src/contrib/knitr_1.52.tar.gz	bdd66a02dfba08a4c644b38a6ae08f6ba915c16d6b6ab6a188ec193c35905ff2
99	htmlTable	-	2.5.0	https://stat.ethz.ch/CRAN/src/contrib/htmlTable_2.5.0.tar.gz	0f61b0f27408fefc09f17fa3270c8f26d10a1e5a7f0dd26c203d3f961268d828
100	litedown	-	0.11	https://stat.ethz.ch/CRAN/src/contrib/litedown_0.11.tar.gz	161d9bf1359d69bf4aa8b2d755db2b722a844a90554978612e0d4198931d574d
101	markdown	-	2.0	https://stat.ethz.ch/CRAN/src/contrib/markdown_2.0.tar.gz	a560de75fb6878901e38febfef3ea8d21cb63af63de0e583019867d189bf9541
102	tinytex	0.59	0.60	https://stat.ethz.ch/CRAN/src/contrib/tinytex_0.60.tar.gz	a48f0e88a6cf0cd196e950dba8743df8916918a67c472923257c82bcb8a471e8
103	rmarkdown	2.31	2.32	https://stat.ethz.ch/CRAN/src/contrib/rmarkdown_2.32.tar.gz	f7fab8ae670d18a4b91409d11e4275b565c4081d77c4522443d01f94a8c2acee
104	Hmisc	-	5.3-0	https://stat.ethz.ch/CRAN/src/contrib/Hmisc_5.3-0.tar.gz	11005db1266040f864de3f7f16ac7b533cce2a57a47aad14806d7fff686ca60d
105	xml2	1.5.2	1.6.0	https://stat.ethz.ch/CRAN/src/contrib/xml2_1.6.0.tar.gz	b0660edab0a839866a0cccd44721c54d497000fd6577a25106a33280318bf579
106	lintr	3.3.0-1	3.4.0	https://stat.ethz.ch/CRAN/src/contrib/lintr_3.4.0.tar.gz	54144e68b70289edff7eed4fc8d00efacd1ddd51c032dc1e88bfb657c10a89dc
107	roxygen2	8.0.0	8.1.0	https://stat.ethz.ch/CRAN/src/contrib/roxygen2_8.1.0.tar.gz	6ee35d555ba8cfdbb0ab9c419e4f4af03e6a7acd8a0eaa77bc31fd50941fb691
108	urlchecker	-	2.0.0	https://stat.ethz.ch/CRAN/src/contrib/urlchecker_2.0.0.tar.gz	7a9e6137ded1c5be5d927e0ac91cb84a8922d37ece5757330f7f0d258e15378d
109	xopen	-	1.0.1	https://stat.ethz.ch/CRAN/src/contrib/xopen_1.0.1.tar.gz	e3b278b8c324a1aa2650141dd89d01253eea5c2555007422c797915689b29aec
110	rcmdcheck	-	1.4.0	https://stat.ethz.ch/CRAN/src/contrib/rcmdcheck_1.4.0.tar.gz	bbd4ef7d514b8c2076196a7c4a6041d34623d55fbe73f2771758ce61fd32c9d0
111	xtable	-	1.8-8	https://stat.ethz.ch/CRAN/src/contrib/xtable_1.8-8.tar.gz	b999c031b91255fb92134b0e70e5f84c5609e9312c0518393b9d0a4aaf6b2510
112	zip	-	3.0.2	https://stat.ethz.ch/CRAN/src/contrib/zip_3.0.2.tar.gz	5bf37e5ad4cf4cc3d191b4479e7b53336afd9250e5b9f10272e7b4a4b5cc88b7
113	zoo	1.8-15	1.9-0	https://stat.ethz.ch/CRAN/src/contrib/zoo_1.9-0.tar.gz	a8ed748aa0200ca096ff50cc7f891aae85a2e5914ffc30785e405887c13b1322
114	xts	-	0.14.2	https://stat.ethz.ch/CRAN/src/contrib/xts_0.14.2.tar.gz	d4b68584b2b64664163850af6cb936b9bf14485bfb725d048c272cee0812dc6f
115	spacetime	-	1.3-4	https://stat.ethz.ch/CRAN/src/contrib/spacetime_1.3-4.tar.gz	0fe6f848f67babc74deb3cf7216d921f3cbf5454409fb28da70900863aa26e3d
116	FRK	-	2.3.2	https://stat.ethz.ch/CRAN/src/contrib/FRK_2.3.2.tar.gz	d34ac280eeceaefda029c0ddcb651ea9dae8a556015376423f327037327c1321
117	gstat	-	2.1-6	https://stat.ethz.ch/CRAN/src/contrib/gstat_2.1-6.tar.gz	f227c849800fa477f4d5608f9868c3efefc8831b5a80fa51b4122c0cb5b8dd39
